-- phpMyAdmin SQL Dump
-- version 5.1.1
-- https://www.phpmyadmin.net/
--
-- Host: 127.0.0.1
-- Generation Time: Jul 08, 2023 at 09:58 AM
-- Server version: 10.4.22-MariaDB
-- PHP Version: 7.3.33

SET SQL_MODE = "NO_AUTO_VALUE_ON_ZERO";
START TRANSACTION;
SET time_zone = "+00:00";


/*!40101 SET @OLD_CHARACTER_SET_CLIENT=@@CHARACTER_SET_CLIENT */;
/*!40101 SET @OLD_CHARACTER_SET_RESULTS=@@CHARACTER_SET_RESULTS */;
/*!40101 SET @OLD_COLLATION_CONNECTION=@@COLLATION_CONNECTION */;
/*!40101 SET NAMES utf8mb4 */;

--
-- Database: `dbparoki_sipdm`
--

-- --------------------------------------------------------

--
-- Table structure for table `dana_mandiri`
--

CREATE TABLE `dana_mandiri` (
  `id_dana` int(11) NOT NULL,
  `id_umat` int(11) NOT NULL,
  `bulan` varchar(35) NOT NULL,
  `tahun` varchar(10) NOT NULL,
  `id_stasi` int(11) NOT NULL,
  `id_lingkungan` int(11) NOT NULL,
  `dana_wajib` varchar(50) NOT NULL,
  `dana_sukarela` varchar(50) NOT NULL,
  `tgl_pembayaran` date NOT NULL
) ENGINE=InnoDB DEFAULT CHARSET=utf8mb4;

-- --------------------------------------------------------

--
-- Table structure for table `lingkungan`
--

CREATE TABLE `lingkungan` (
  `id_lingkungan` int(11) NOT NULL,
  `nama_lingkungan` varchar(50) NOT NULL,
  `id_stasi` int(11) NOT NULL
) ENGINE=InnoDB DEFAULT CHARSET=utf8mb4;

--
-- Dumping data for table `lingkungan`
--

INSERT INTO `lingkungan` (`id_lingkungan`, `nama_lingkungan`, `id_stasi`) VALUES
(1, 'Santa Agnes', 1),
(2, 'Santa Anna', 1),
(3, 'Santa Clara', 1),
(4, 'Santa Elisabeth', 1),
(5, 'Santa Katarina', 1),
(6, 'Santa Maria Magiore', 1),
(7, 'Santa Maria Tak Bernoda', 1),
(8, 'Santo Agustinus', 1),
(9, 'Santo Andreas', 1),
(10, 'Santo Antonius Padua', 1),
(11, 'Santo Bonaventura', 1),
(12, 'Santo Carolus Borromeus', 1),
(13, 'Santo Felisitas', 1),
(14, 'Santo Ignatius Loyola', 1),
(15, 'Santo Lukas', 1),
(16, 'Santo Markus', 1),
(17, 'Santo Maximilianus Kolbe', 1),
(18, 'Santo Padre Pio', 1),
(19, 'Santo Paskalis Boylon', 1),
(20, 'Santo Paulus', 1),
(21, 'Santo Petrus', 1),
(22, 'Santo Thomas', 1),
(23, 'Santo Vincensius Ferreris', 1),
(24, 'Santo Yohanes', 1),
(25, 'Santa Agnes', 2),
(26, 'Santa Anna', 2),
(27, 'Santa Klara', 2),
(28, 'Santa Maria', 2),
(29, 'Santo Antonius', 2),
(30, 'Santo Bonaventura', 2),
(31, 'Santo Don Bosco', 2),
(32, 'Santo Gabriel', 2),
(33, 'Santo Mikael', 2),
(34, 'Santo Paulus', 2),
(35, 'Santo Thomas', 2),
(36, 'Santo Vincensius', 2),
(37, 'Santo Yohanes Paulus II', 2),
(38, 'Santo Yohanes Pembaptis', 2),
(39, 'Santo Yoseph', 2),
(40, 'Agustinus', 3),
(41, 'Santa Anna', 3),
(42, 'Santa Elisabeth', 3),
(43, 'Santa Maria', 3),
(44, 'Santa Martha', 3),
(45, 'Santa Monika', 3),
(46, 'Santa Theresia', 3),
(47, 'Santo Antonius', 3),
(48, 'Santo Bonaventura', 3),
(49, 'Santo Fransiskus Xaverius', 3),
(50, 'Santo Josep', 3),
(51, 'Santo Karolus', 3),
(52, 'Santo Maximilianus Kolbe', 3),
(53, 'Santo Padre Pio', 3),
(54, 'Santo Paulus', 3),
(55, 'Santo Petrus', 3),
(56, 'Santo Pius', 3),
(57, 'Santo Thomas', 3),
(58, 'Santa Agata', 4),
(59, 'Santa Elisabeth', 4),
(60, 'Santa Maria', 4),
(61, 'Santo Thomas Aquinas', 4),
(62, 'Santo Yohanes', 4),
(63, 'Santo Yosef', 4),
(64, 'Santa Clara', 5),
(65, 'Santa Elisabeth', 5),
(66, 'Santa Lusia', 5),
(67, 'Santa Maria', 5),
(68, 'Santa Regina', 5),
(69, 'Santa Sesilia', 5),
(70, 'Santa Skolastika', 5),
(71, 'Santo Adrianus', 5),
(72, 'Santo Andreas', 5),
(73, 'Santo Antonius Padua', 5),
(74, 'Santo Benediktus', 5),
(75, 'Santo Fransiskus', 5),
(76, 'Santo Ignatius', 5),
(77, 'Santo Mikael', 5),
(78, 'Santo Paulus', 5),
(79, 'Santo Petrus', 5),
(80, 'Santo Rafael', 5),
(81, 'Santo Sebastianus', 5),
(82, 'Santo Thomas', 5),
(83, 'Santo Xaverius', 5),
(84, 'Santo Yohanes', 5),
(85, 'Santo Yoseph', 5),
(86, 'Santa Fransiska Xaveria Cabrini', 6),
(87, 'Santa Teresia Dari Avila', 6),
(88, 'Santo Antonius Padua', 6),
(89, 'Santo Bonaventura', 6),
(90, 'Santo Felix dari Nola', 6),
(91, 'Santo Fransiskus Xaverius', 6);

-- --------------------------------------------------------

--
-- Table structure for table `pastor`
--

CREATE TABLE `pastor` (
  `id_pastor` int(2) NOT NULL,
  `nama_pastor` varchar(50) NOT NULL,
  `foto` varchar(50) NOT NULL,
  `keterangan` varchar(100) NOT NULL
) ENGINE=InnoDB DEFAULT CHARSET=utf8mb4;

--
-- Dumping data for table `pastor`
--

INSERT INTO `pastor` (`id_pastor`, `nama_pastor`, `foto`, `keterangan`) VALUES
(1, 'Pastor Hendri Imanuel', 'p1.png', 'Pastor ini bertugas dari tahun 2019-2022'),
(2, 'Pastor B', 'p1.png', 'Pastor ini bertugas dari tahun 2009-2010'),
(3, 'Pastor C', 'p1.png', 'Pastor ini bertugas dari tahun 2010-2011');

-- --------------------------------------------------------

--
-- Table structure for table `stasi`
--

CREATE TABLE `stasi` (
  `id_stasi` int(11) NOT NULL,
  `nama_stasi` varchar(70) NOT NULL
) ENGINE=InnoDB DEFAULT CHARSET=utf8mb4;

--
-- Dumping data for table `stasi`
--

INSERT INTO `stasi` (`id_stasi`, `nama_stasi`) VALUES
(1, 'Stasi St. Fransiskus Pasar VI'),
(2, 'Stasi St. Petrus Simpang Kwala'),
(3, 'Stasi St. Laurensius Simpang Selayang'),
(4, 'Stasi Santo Paulus Pasar Baru'),
(5, 'Stasi Santa Theresia Perumnas'),
(6, 'Stasi Santo Yoseph Gedung Johor');

-- --------------------------------------------------------

--
-- Table structure for table `umat`
--

CREATE TABLE `umat` (
  `id_umat` int(11) NOT NULL,
  `no_kk` varchar(50) NOT NULL,
  `nama_kepala_kk` varchar(200) NOT NULL,
  `id_lingkungan` int(11) NOT NULL,
  `id_stasi` int(11) NOT NULL
) ENGINE=InnoDB DEFAULT CHARSET=utf8mb4;

--
-- Dumping data for table `umat`
--

INSERT INTO `umat` (`id_umat`, `no_kk`, `nama_kepala_kk`, `id_lingkungan`, `id_stasi`) VALUES
(1, 'K000299703', 'Leo Leorensius Perangin-angin', 1, 1),
(2, 'K000299750', 'Eriandy Bangun, SE', 1, 1),
(3, 'K000299941', 'Jefri Adrianus Sitepu', 1, 1),
(4, 'K000299991', 'Pratas Teresia Singarimbun', 1, 1),
(5, 'K000300005', 'Rukianni Br Bangun', 1, 1),
(6, 'K000300030', 'Danta Sitepu DRS.MM', 1, 1),
(7, 'K000300049', 'Petrus Malem Sembiring Keloko', 1, 1),
(8, 'K000300444', 'Karta Ginting', 1, 1),
(9, 'K000300500', 'Nikson Silalahi', 1, 1),
(10, 'K000300533', 'Darmendrawan Pinem', 1, 1),
(11, 'K000300585', 'Kasmalina Purba, SE', 1, 1),
(12, 'K000300640', 'Maria Sembiring', 1, 1),
(13, 'K000300766', 'Hendri Jhon Efendi Sitompul', 1, 1),
(14, 'K000300839', 'Budi Sarjana Tarigan', 1, 1),
(15, 'K000300915', 'Alimasdar Tumanggor DRS', 1, 1),
(16, 'K000331013', 'Malem Kerina S. Meliala', 1, 1),
(17, 'K000335935', 'Masta Br Ginting', 1, 1),
(18, 'K000335955', 'Ferdinand Petrus Ginting', 1, 1),
(19, 'K000335959', 'Benny Arinta Bangun, A.Md', 1, 1),
(20, 'K000335965', 'Pribadi Sembiring', 1, 1),
(21, 'K000335967', 'Kartini Br Bangun', 1, 1),
(22, 'K000335972', 'Ropo Petrus Sembiring', 1, 1),
(23, 'K000335982', 'Christanta Sitepu', 1, 1),
(24, 'K000336038', 'Tenaga S Depari', 1, 1),
(25, 'K000336047', 'Krispinus Perangin-angin', 1, 1),
(26, 'K000355884', 'Roi Paskah Simarmata', 1, 1),
(27, 'K000469520', 'Yusman Laoly', 1, 1),
(28, 'K000477578', 'Andreas Nalsali P', 1, 1),
(29, 'K000291157', 'Tujuan U Tarigan', 2, 1),
(30, 'K000301712', 'Erwin Saragih', 2, 1),
(31, 'K000301770', 'Bimar Sebayang', 2, 1),
(32, 'K000302107', 'Rufina Sebayang', 2, 1),
(33, 'K000302208', 'Bukti Karo-karo', 2, 1),
(34, 'K000302415', 'Yesaya Yan Archiloren Saragih', 2, 1),
(35, 'K000302461', 'Thaman Sitepu', 2, 1),
(36, 'K000302473', 'Zaman Kaban', 2, 1),
(37, 'K000302496', 'Fransiskus Surbakti', 2, 1),
(38, 'K000303478', 'Berinta Sembiring, S.Pt', 2, 1),
(39, 'K000303565', 'Amal Paulus S Depari', 2, 1),
(40, 'K000303608', 'Ramses Pangaribuan', 2, 1),
(41, 'K000303710', 'Mahidin Pinem', 2, 1),
(42, 'K000303767', 'Sahat Sagala', 2, 1),
(43, 'K000310668', 'Dinaria Sembiring', 2, 1),
(44, 'K000310700', 'Kristiana', 2, 1),
(45, 'K000310744', 'Christian. H. A. Tarigan', 2, 1),
(46, 'K000310813', 'Rolas Febri Ignatius Nainggolan', 2, 1),
(47, 'K000310868', 'Bettua Sihotang', 2, 1),
(48, 'K000312416', 'Ilyan Chandra Simbolon', 2, 1),
(49, 'K000312445', 'Saida Sinaga', 2, 1),
(50, 'K000312457', 'Perlindungan Sitanggang', 2, 1),
(51, 'K000312471', 'Sinar Barus', 2, 1),
(52, 'K000312505', 'Freddy Rodear Antonius Sinaga', 2, 1),
(53, 'K000312514', 'Cari Karo-karo', 2, 1),
(54, 'K000336559', 'Arta Uli Br Haloho', 2, 1),
(55, 'K000336561', 'Lidya Br Lumban Gaol', 2, 1),
(56, 'K000336777', 'Suarjo Ginting', 2, 1),
(57, 'K000336793', 'Pardi Sitanggang', 2, 1),
(58, 'K000337616', 'Jasman Sitepu', 2, 1),
(59, 'K000337621', 'Njayam Tarigan, Drs', 2, 1),
(60, 'K000337624', 'Kasmen Limbong Ir', 2, 1),
(61, 'K000340015', 'Amorina Herawaty', 2, 1),
(62, 'K000340019', 'Marihot Joannes Sinurat', 2, 1),
(63, 'K000341145', 'Suruhen Tarigan', 2, 1),
(64, 'K000351450', 'Guntur Pangaribuan', 2, 1),
(65, 'K000351784', 'Sastro Simbolon', 2, 1),
(66, 'K000501526', 'Sentosa Sitepu', 2, 1),
(67, 'K000506115', 'Pen Anastasia Br Tarigan', 2, 1),
(68, 'K000027754', 'ADRIANUS RIDUAN SIAHAAN', 3, 1),
(69, 'K000283754', 'Reksi Maleaki Ginting', 3, 1),
(70, 'K000283768', 'Kristian Adi Nugraha', 3, 1),
(71, 'K000283945', 'Julianto Sembiring', 3, 1),
(72, 'K000284050', 'Parman Barus', 3, 1),
(73, 'K000284794', 'Tania Depari', 3, 1),
(74, 'K000284815', 'Hica Julindo Purba', 3, 1),
(75, 'K000284888', 'Lasmida Sitanggang', 3, 1),
(76, 'K000284918', 'Sopan Bukit', 3, 1),
(77, 'K000284966', 'Hermanto Tarigan', 3, 1),
(78, 'K000285007', 'Kamar Sembiring', 3, 1),
(79, 'K000285050', 'Wajib Sinuraya', 3, 1),
(80, 'K000285090', 'Sawan Bangun', 3, 1),
(81, 'K000285215', 'Holong Manullang', 3, 1),
(82, 'K000285231', 'Satria Ginting', 3, 1),
(83, 'K000285245', 'Jonatan Nababan', 3, 1),
(84, 'K000285260', 'Saut Tua Simon Sipakkar', 3, 1),
(85, 'K000285282', 'Baner Saragih', 3, 1),
(86, 'K000286367', 'Mikael Malau', 3, 1),
(87, 'K000286426', 'Albertus Tua Simanullang', 3, 1),
(88, 'K000286471', 'Peris Maha', 3, 1),
(89, 'K000286524', 'Jadi Surbakti', 3, 1),
(90, 'K000286591', 'Bima Sinaga', 3, 1),
(91, 'K000286656', 'Johanes Sinaga', 3, 1),
(92, 'K000286733', 'Juri Ati Br Kaban', 3, 1),
(93, 'K000286749', 'Jon Pieter Situmorang', 3, 1),
(94, 'K000286803', 'Marton Sinaga', 3, 1),
(95, 'K000286835', 'Antonius Tarigan', 3, 1),
(96, 'K000289511', 'Veroyanta Kornelius Tarigan', 3, 1),
(97, 'K000291704', 'Karya Tarigan', 3, 1),
(98, 'K000316749', 'Fredricus Ginting', 3, 1),
(99, 'K000316773', 'Charles Simamora', 3, 1),
(100, 'K000317440', 'Masri Ginting', 3, 1),
(101, 'K000317457', 'Perdamen', 3, 1),
(102, 'K000335376', 'Normal Perangin Angin', 3, 1),
(103, 'K000335384', 'Monang Girsang', 3, 1),
(104, 'K000335460', 'Anus Situmorang', 3, 1),
(105, 'K000341004', 'S. Parulian Saragih', 3, 1),
(106, 'K000341011', 'Jefri Banjarnahor', 3, 1),
(107, 'K000341016', 'Jupiter Ekadhana Barus', 3, 1),
(108, 'K000341811', 'Jonggi Tanio Jaya Sitanggang', 3, 1),
(109, 'K000374439', 'Lehet Anju Fresly Pakpahan', 3, 1),
(110, 'K000398985', 'Herbinton Tarigan', 3, 1),
(111, 'K000483702', 'Fidelis Pane', 3, 1),
(112, 'K000485249', 'Patriot Zephyrinus Bangun', 3, 1),
(113, 'K000485912', 'Marianus Jhonliberty Girsang', 3, 1),
(114, 'K000513183', 'Jefrianto Sipayung', 3, 1),
(115, 'K000206548', 'PARLUHUTAN SITUMORANG', 4, 1),
(116, 'K000264953', 'Ronsen Purba', 4, 1),
(117, 'K000264990', 'Cyprianus P H Saragi', 4, 1),
(118, 'K000265277', 'Kamin Alamsyah Peranginangin', 4, 1),
(119, 'K000265319', 'Binson Purba', 4, 1),
(120, 'K000265361', 'Halomoan Sinambela', 4, 1),
(121, 'K000265449', 'Rudianto Sitorus', 4, 1),
(122, 'K000266665', 'Ronaldi Gerardus Situngkir', 4, 1),
(123, 'K000266692', 'Nawary Saragih', 4, 1),
(124, 'K000267305', 'Pitta Laungser Sihombing', 4, 1),
(125, 'K000267326', 'Reinold PS Situmorang', 4, 1),
(126, 'K000267397', 'Deddy Josephya Ginting', 4, 1),
(127, 'K000267519', 'Jupiter Johannes Ginting', 4, 1),
(128, 'K000267536', 'Sastro Maimun Nainggolan', 4, 1),
(129, 'K000267642', 'Marihot Manullang', 4, 1),
(130, 'K000267685', 'Jannen Pardosi', 4, 1),
(131, 'K000267748', 'Abdon Simarmata', 4, 1),
(132, 'K000268147', 'Binton Panjaitan', 4, 1),
(133, 'K000335805', 'Lemba Karo-karo', 4, 1),
(134, 'K000335808', 'Pagar Pertahanan Samosir', 4, 1),
(135, 'K000354303', 'Jekmen Sinulingga', 4, 1),
(136, 'K000354307', 'Jenny Maria Kaphengst', 4, 1),
(137, 'K000354331', 'Petronella Purba', 4, 1),
(138, 'K000354427', 'Arman Sinaga', 4, 1),
(139, 'K000355134', 'Swandi Sitanggang', 4, 1),
(140, 'K000355157', 'Restu Anian Damanik', 4, 1),
(141, 'K000355562', 'Luhut Pittaraja Gurning', 4, 1),
(142, 'K000355785', 'Johannes Tarigan', 4, 1),
(143, 'K000402124', 'Cornelius Maruasas Tua Manullang', 4, 1),
(144, 'K000409469', 'Edward Sidauruk', 4, 1),
(145, 'K000475545', 'Wahyu Valti Raja Monang', 4, 1),
(146, 'K000296212', 'Saut Purba', 5, 1),
(147, 'K000296283', 'ALB Kusbagio', 5, 1),
(148, 'K000296405', 'Indera Ginting', 5, 1),
(149, 'K000296464', 'Jhon Erland Christoper', 5, 1),
(150, 'K000297065', 'Agus Oloan Naibaho', 5, 1),
(151, 'K000297144', 'Robert Siahaan, M. SI', 5, 1),
(152, 'K000297160', 'Juang Sagala', 5, 1),
(153, 'K000297232', 'Marugan Simbolon, Drs.', 5, 1),
(154, 'K000297246', 'Daniel Merko Dirson Perangin-angin, SE', 5, 1),
(155, 'K000297278', 'Selamat Deventri Perangin-Angin', 5, 1),
(156, 'K000297287', 'Gervasius Sigiro', 5, 1),
(157, 'K000297298', 'Didi Mardi Purba', 5, 1),
(158, 'K000308207', 'Swasta Barus', 5, 1),
(159, 'K000308241', 'Ignatius Saratoga Sinaga', 5, 1),
(160, 'K000308260', 'Nurdin Sitohang IR', 5, 1),
(161, 'K000308805', 'Rosmani Br Ginting', 5, 1),
(162, 'K000308834', 'Yan Timoteus Tarigan', 5, 1),
(163, 'K000308867', 'Eva Imelda br Tobing', 5, 1),
(164, 'K000319077', 'R. ALFRED ARITONANG', 5, 1),
(165, 'K000319249', 'Jackstring Ortega Ginting', 5, 1),
(166, 'K000326117', 'Raja Umaran Simamora', 5, 1),
(167, 'K000335234', 'Dapot Situmorang', 5, 1),
(168, 'K000335248', 'Eviwaty Sitepu, SH', 5, 1),
(169, 'K000336566', 'Binsar Sihombing', 5, 1),
(170, 'K000337293', 'DR. M.T. Simanjuntak, MSC', 5, 1),
(171, 'K000337318', 'Ivan Harianto Sinaga', 5, 1),
(172, 'K000355401', 'Job Rahmad Purba', 5, 1),
(173, 'K000365273', 'Rafael Pardosi', 5, 1),
(174, 'K000383104', 'Elpida Sihaloho', 5, 1),
(175, 'K000383114', 'Lamhot M Nainggolan', 5, 1),
(176, 'K000383286', 'Sastra Sihotang', 5, 1),
(177, 'K000383326', 'Togi Capah', 5, 1),
(178, 'K000383716', 'Leo Fernando Simarmata', 5, 1),
(179, 'K000384427', 'Anneke Johanna Magdalena Lekahena', 5, 1),
(180, 'K000384690', 'Dame Br Hutagaol', 5, 1),
(181, 'K000403975', 'Patiaro Munthe', 5, 1),
(182, 'K000299527', 'Mangiring Hutasoit', 6, 1),
(183, 'K000299569', 'Injil Bepridius Ginting', 6, 1),
(184, 'K000299580', 'Ranko Sitepu', 6, 1),
(185, 'K000299600', 'Girang Br Karo', 6, 1),
(186, 'K000299611', 'Ery Sinaga', 6, 1),
(187, 'K000299664', 'Aristonius Sitepu', 6, 1),
(188, 'K000299706', 'Arihta Sembiring', 6, 1),
(189, 'K000299726', 'Kurniawan Tarigan', 6, 1),
(190, 'K000299771', 'Ramli Panjaitan', 6, 1),
(191, 'K000299831', 'Taman Maruli Ginting', 6, 1),
(192, 'K000299923', 'Jhony Ginting', 6, 1),
(193, 'K000299977', 'E. Antonio B Damanik', 6, 1),
(194, 'K000299983', 'Jos Sudarso Sembiring, S.Kom', 6, 1),
(195, 'K000300013', 'Binaria Surbakti SIP', 6, 1),
(196, 'K000300050', 'Saperius Ginting', 6, 1),
(197, 'K000300431', 'Nelson Sembiring', 6, 1),
(198, 'K000300467', 'Trison Karo-Karo', 6, 1),
(199, 'K000300508', 'Joandi Ginting', 6, 1),
(200, 'K000300548', 'Almeri br Tarigan', 6, 1),
(201, 'K000355888', 'Marius Ginting', 6, 1),
(202, 'K000374392', 'Mariana Br Ginting', 6, 1),
(203, 'K000389881', 'Christ Satria Gibrona Sinisuka', 6, 1),
(204, 'K000470562', 'Ramahta Br Ginting', 6, 1),
(205, 'K000485897', 'Mahyendra Tarigan', 6, 1),
(206, 'K000214195', 'Jeremia Tarigan', 7, 1),
(207, 'K000214250', 'Efrata Sembiring', 7, 1),
(208, 'K000214255', 'Darminta Ginting', 7, 1),
(209, 'K000214299', 'Jusuf Kaban', 7, 1),
(210, 'K000215814', 'Hendriko Rio Relasi Tarigan', 7, 1),
(211, 'K000219025', 'Alisandre Gulo', 7, 1),
(212, 'K000219096', 'Ngajar Bana Kaban', 7, 1),
(213, 'K000219112', 'Thomas Martin Luther', 7, 1),
(214, 'K000219666', 'Impanto Ginting', 7, 1),
(215, 'K000222386', 'Ali Usman Tarigan', 7, 1),
(216, 'K000225995', 'Asri Sochiatho Nisco Gulo', 7, 1),
(217, 'K000231523', 'Ginsi Roi Ginting', 7, 1),
(218, 'K000231527', 'Mangkok Sinulingga', 7, 1),
(219, 'K000231809', 'Rahmani Br. Sitepu', 7, 1),
(220, 'K000231992', 'Andel Sinuhaji', 7, 1),
(221, 'K000232395', 'Monang Tarigan', 7, 1),
(222, 'K000234773', 'Setia Budi Sembiring', 7, 1),
(223, 'K000235060', 'Halimah Yulianti Emeliana Br. Karo', 7, 1),
(224, 'K000246709', 'Ratnawati Br. Depari', 7, 1),
(225, 'K000246730', 'Dominikus Esti Widjanarko', 7, 1),
(226, 'K000246748', 'Antoni Tarigan', 7, 1),
(227, 'K000246756', 'Kuat Sembiring', 7, 1),
(228, 'K000246801', 'Dwi Theodorus Purba', 7, 1),
(229, 'K000246816', 'Pardis Harapenta Kaban', 7, 1),
(230, 'K000392723', 'Bima Putra Barus', 7, 1),
(231, 'K000392727', 'Atem Hermina Gining', 7, 1),
(232, 'K000393456', 'Sudri Hatman Perangin-angin', 7, 1),
(233, 'K000513261', 'Maringan Fransiscus Pinem', 7, 1),
(234, 'K000328122', 'Manimbul Sinaga', 8, 1),
(235, 'K000328132', 'Romdiston Purba', 8, 1),
(236, 'K000328138', 'Jurick Parada Michael Simalango', 8, 1),
(237, 'K000328192', 'Edit Anna Berita Simbolon', 8, 1),
(238, 'K000328202', 'Yohannes Ferdinan Tinambunan', 8, 1),
(239, 'K000328205', 'Muller Tinambunan', 8, 1),
(240, 'K000328222', 'Budiman Saragih', 8, 1),
(241, 'K000329754', 'Alatta Singarimbun', 8, 1),
(242, 'K000330046', 'Medan Gomgom Lumban Raja', 8, 1),
(243, 'K000330049', 'Elita Br Ginting', 8, 1),
(244, 'K000373743', 'Lamtota Sinaga', 8, 1),
(245, 'K000379025', 'Yanner Dritansius Sihaloho', 8, 1),
(246, 'K000395836', 'Immanuel Parulian', 8, 1),
(247, 'K000397833', 'Leo Bilyanto Sembiring', 8, 1),
(248, 'K000442043', 'Karmalina Purba', 8, 1),
(249, 'K000443628', 'Krisna Purba', 8, 1),
(250, 'K000450814', 'Tetty Siahaan', 8, 1),
(251, 'K000455519', 'Petrus Sarihon Edi', 8, 1),
(252, 'K000455547', 'Rencius Tarihoran', 8, 1),
(253, 'K000456648', 'Antonius Sitepu', 8, 1),
(254, 'K000469058', 'Mariana Br Giro', 8, 1),
(255, 'K000470266', 'Relahati Laia', 8, 1),
(256, 'K000485222', 'Robertus Raymon Jeffri', 8, 1),
(257, 'K000506983', 'Jovinian Aman Sebayang', 8, 1),
(258, 'K000507030', 'Albert Fadjar Sebayang', 8, 1),
(259, 'K000335265', 'Misa Kudus Ginting', 9, 1),
(260, 'K000335274', 'Ariston Sinuraya', 9, 1),
(261, 'K000335280', 'Kamin Lucia Singarimbun', 9, 1),
(262, 'K000335283', 'Ariston Sebayang', 9, 1),
(263, 'K000335338', 'Syukur Tarigan', 9, 1),
(264, 'K000335389', 'Warta Wilhelmus Tarigan', 9, 1),
(265, 'K000335394', 'Asamta Perangin-angin', 9, 1),
(266, 'K000335397', 'Satriawan Purba', 9, 1),
(267, 'K000335428', 'Sinar Ginting', 9, 1),
(268, 'K000335441', 'Johannes Ginting', 9, 1),
(269, 'K000335451', 'Simon Sembiring', 9, 1),
(270, 'K000335832', 'Bernard Simangunsong', 9, 1),
(271, 'K000336798', 'Enos Sembiring', 9, 1),
(272, 'K000341166', 'Surianta Tarigan ST', 9, 1),
(273, 'K000341204', 'Agung Gegeh Bangun', 9, 1),
(274, 'K000341213', 'Simon Petrus Ginting Msc. Dr', 9, 1),
(275, 'K000352437', 'Sahat Berutu', 9, 1),
(276, 'K000352451', 'Saudara Adi Suranta Ginting', 9, 1),
(277, 'K000352714', 'Yos Gerhan Maha', 9, 1),
(278, 'K000352746', 'Irja Breba Tarigan', 9, 1),
(279, 'K000352757', 'Yovita Pasti Purba Br Purba', 9, 1),
(280, 'K000356473', 'Rostiana Ginting', 9, 1),
(281, 'K000409543', 'Rinelda Br Sitepu', 9, 1),
(282, 'K000410734', 'Darmadi', 9, 1),
(283, 'K000259559', 'Cahaya Nestor Sembiring', 10, 1),
(284, 'K000332531', 'Rajin Tarigan', 10, 1),
(285, 'K000332718', 'Silvanus Ary Bramon Sitepu', 10, 1),
(286, 'K000332790', 'Erik Perdata Ginting', 10, 1),
(287, 'K000332794', 'Anton Simanjorang', 10, 1),
(288, 'K000332800', 'Mardian Sembiring', 10, 1),
(289, 'K000333088', 'B. Batu Tarigan', 10, 1),
(290, 'K000336563', 'Sariantis Tumanggor', 10, 1),
(291, 'K000336575', 'Robertus Sarumaha', 10, 1),
(292, 'K000336590', 'Roy Devayanta Tarigan', 10, 1),
(293, 'K000336647', 'Lenny Hilaria Sihotang', 10, 1),
(294, 'K000336704', 'Tudu Damanik', 10, 1),
(295, 'K000336706', 'Paulus Robertson Girsang', 10, 1),
(296, 'K000336709', 'Sinar Pinem', 10, 1),
(297, 'K000336742', 'Amon Maradona Purba', 10, 1),
(298, 'K000336754', 'Herlin Sembiring', 10, 1),
(299, 'K000336764', 'Irwan Sihotang', 10, 1),
(300, 'K000336768', 'Makmur Sinuhaji', 10, 1),
(301, 'K000336774', 'Pagaria Sitanggang', 10, 1),
(302, 'K000351711', 'Ferdinan Tarigan', 10, 1),
(303, 'K000351748', 'Herli Ginting', 10, 1),
(304, 'K000355800', 'Hendry Wijaya Tarigan', 10, 1),
(305, 'K000501519', 'Rivian Julvino G Ginting', 10, 1),
(306, 'K000269947', 'SUMAWARDANA TARIGAN', 11, 1),
(307, 'K000325556', 'Erwinta Tarigan', 11, 1),
(308, 'K000325572', 'Jasmani Bangun', 11, 1),
(309, 'K000325577', 'Naheson Tarigan', 11, 1),
(310, 'K000325581', 'Junpri Kaban', 11, 1),
(311, 'K000325594', 'Udin Sinulingga', 11, 1),
(312, 'K000325603', 'Saur Simanjuntak', 11, 1),
(313, 'K000325607', 'Konces Siringo-Ringo', 11, 1),
(314, 'K000325612', 'Rahadi Paska Sembiring', 11, 1),
(315, 'K000325615', 'Nurlayasi Br. Ketaren', 11, 1),
(316, 'K000325617', 'Alex Salam Tarigan', 11, 1),
(317, 'K000325687', 'Sorong Mustajap Ginting', 11, 1),
(318, 'K000325702', 'Dameriah br Karo', 11, 1),
(319, 'K000331339', 'Arusliana Edosia Br Ginting', 11, 1),
(320, 'K000335271', 'Leonardus Simamora', 11, 1),
(321, 'K000336057', 'Martianus Barus', 11, 1),
(322, 'K000336064', 'Rosmalinda', 11, 1),
(323, 'K000336067', 'Netty Veronika Manurung', 11, 1),
(324, 'K000336069', 'Ponten Br Singarimbun', 11, 1),
(325, 'K000336071', 'Dalan Nggit Karo-Karo', 11, 1),
(326, 'K000336074', 'Perwira Sembiring', 11, 1),
(327, 'K000336084', 'Sinton Putra Surbakti', 11, 1),
(328, 'K000336087', 'Arista Sembiring', 11, 1),
(329, 'K000336092', 'Mustika Surbakti', 11, 1),
(330, 'K000336096', 'Menakenca Surbakti', 11, 1),
(331, 'K000336102', 'Rimbun Ginting', 11, 1),
(332, 'K000336120', 'Kasmadi Siregar', 11, 1),
(333, 'K000340253', 'Daniel Sembiring', 11, 1),
(334, 'K000325718', 'Oktavianus Sumandar Simamora', 12, 1),
(335, 'K000325742', 'Simson Maruli Dapot Limbong', 12, 1),
(336, 'K000325759', 'Rasmeriah Ginting', 12, 1),
(337, 'K000325775', 'Simon Esron Sinaga', 12, 1),
(338, 'K000325777', 'Sahat Naruli Tua Tarigan', 12, 1),
(339, 'K000325833', 'Nursia Tarigan', 12, 1),
(340, 'K000325841', 'Pontius Rikson Sinaga', 12, 1),
(341, 'K000325847', 'Lamhot Sinambela, SE', 12, 1),
(342, 'K000325866', 'Risma Felix Kaban', 12, 1),
(343, 'K000325959', 'Orien J. Nainggolan', 12, 1),
(344, 'K000326754', 'Boris Renold W. Siagian', 12, 1),
(345, 'K000326997', 'Jusman Sitanggang', 12, 1),
(346, 'K000327004', 'P. Sinaga', 12, 1),
(347, 'K000327014', 'Status Wau', 12, 1),
(348, 'K000327016', 'Atom Maria Bernadetta Ginting', 12, 1),
(349, 'K000327018', 'Dorthy', 12, 1),
(350, 'K000327019', 'Tiodara Sitanggang', 12, 1),
(351, 'K000327020', 'Surajuni Purba', 12, 1),
(352, 'K000327199', 'Jengar Sagala. SH', 12, 1),
(353, 'K000327214', 'Fransiskus Eka Tarigan', 12, 1),
(354, 'K000327240', 'Pukka Situmorang', 12, 1),
(355, 'K000327244', 'Dapot Manik Ambarita', 12, 1),
(356, 'K000327292', 'Linus Rumapea', 12, 1),
(357, 'K000327303', 'Ipan James Pangihutan Pakpahan', 12, 1),
(358, 'K000336194', 'Timbul Sinaga', 12, 1),
(359, 'K000336280', 'Tison Sagala', 12, 1),
(360, 'K000336285', 'Richardo Hutajulu', 12, 1),
(361, 'K000340914', 'Halomoan Siallagan', 12, 1),
(362, 'K000356911', 'Andreas Bachtiar Sihaloho', 12, 1),
(363, 'K000386868', 'Asbol Nadeak', 12, 1),
(364, 'K000410715', 'Dian Alexius Sinaga', 12, 1),
(365, 'K000290904', 'Mangantar Fransiskus ManulIang', 13, 1),
(366, 'K000300782', 'Naek Sihombing', 13, 1),
(367, 'K000301481', 'Krisantus Ginting Manik Drs', 13, 1),
(368, 'K000301533', 'Henry Manulang', 13, 1),
(369, 'K000301587', 'Bisman Perangin-Angin DR', 13, 1),
(370, 'K000330061', 'Coky Baginda Siburian', 13, 1),
(371, 'K000335684', 'Johanes Mitra Tarigan', 13, 1),
(372, 'K000335705', 'Raden Tarigan', 13, 1),
(373, 'K000335709', 'Anicetus Andarikson Marbun', 13, 1),
(374, 'K000335713', 'Terhibur Putra S Meliala', 13, 1),
(375, 'K000335720', 'Bahtera Ginting', 13, 1),
(376, 'K000335726', 'Rasita Br Ginting', 13, 1),
(377, 'K000335731', 'Targin Ginting', 13, 1),
(378, 'K000335737', 'Sempurna Tanta Sembiring', 13, 1),
(379, 'K000335783', 'Jasiaman Damanik', 13, 1),
(380, 'K000335791', 'Ranaptua Nadeak', 13, 1),
(381, 'K000341461', 'Ikut Malem Tarigan', 13, 1),
(382, 'K000351470', 'Nixon Batuara', 13, 1),
(383, 'K000336385', 'Andreas Purba', 14, 1),
(384, 'K000336392', 'Ananta Tarigan', 14, 1),
(385, 'K000336415', 'Benar Josep S Depari', 14, 1),
(386, 'K000336422', 'Biston Tamba', 14, 1),
(387, 'K000336425', 'Darwis Perangin-angin', 14, 1),
(388, 'K000336427', 'Eka Suranta Pinem', 14, 1),
(389, 'K000336431', 'Doni Basilius  Aritonang', 14, 1),
(390, 'K000336547', 'Elfrida Tarigan', 14, 1),
(391, 'K000336551', 'Matehsa Kita Tarigan', 14, 1),
(392, 'K000336555', 'Kodi Ginting', 14, 1),
(393, 'K000336558', 'Gading Stephanus L. Tobing', 14, 1),
(394, 'K000336562', 'Alixya Zurriat Sitanggang', 14, 1),
(395, 'K000336564', 'Stepanus Silalahi', 14, 1),
(396, 'K000336579', 'Hotman Siringo-ringo', 14, 1),
(397, 'K000336581', 'John Erikson Purba', 14, 1),
(398, 'K000336583', 'Kastarina Br Tarigan', 14, 1),
(399, 'K000336584', 'Mangatas Lumban Tobing', 14, 1),
(400, 'K000336591', 'Mantis Ginting', 14, 1),
(401, 'K000336635', 'Murniaty Girsang', 14, 1),
(402, 'K000336675', 'Pangihutan Sirumapea', 14, 1),
(403, 'K000336692', 'Rudi Hartono Sihotang', 14, 1),
(404, 'K000336699', 'Valentinus Tarigan', 14, 1),
(405, 'K000336702', 'Simon Petrus Perangin-angin', 14, 1),
(406, 'K000330487', 'Bernediktius Rajagukguk', 15, 1),
(407, 'K000330489', 'Salmik Purba', 15, 1),
(408, 'K000330513', 'Yacobus Afoan Muki', 15, 1),
(409, 'K000330603', 'Ariston Sitepu', 15, 1),
(410, 'K000330610', 'Kristian Jayanta Pelawi', 15, 1),
(411, 'K000330624', 'Jauhari Tarigan', 15, 1),
(412, 'K000330704', 'Setia Budi Kaban', 15, 1),
(413, 'K000330711', 'Fransiskus Xaverius Nayoan', 15, 1),
(414, 'K000335635', 'Alfa Tuah Samuel Sembiring', 15, 1),
(415, 'K000335637', 'Mawarni Br Perangin-angin', 15, 1),
(416, 'K000335642', 'Hermanto Tarigan', 15, 1),
(417, 'K000340174', 'Naomi Tarigan', 15, 1),
(418, 'K000340177', 'Osenia Dama Yana Br. Ginting', 15, 1),
(419, 'K000340181', 'Rusti Br Hutabarat', 15, 1),
(420, 'K000340184', 'Agnes Muliana Br Sembiring', 15, 1),
(421, 'K000340187', 'Septa Fernando Pinem, ST', 15, 1),
(422, 'K000340264', 'Jimmy Marianus Sitepu', 15, 1),
(423, 'K000340278', 'Obedta Purba', 15, 1),
(424, 'K000340329', 'David Parulian Sianipar', 15, 1),
(425, 'K000340350', 'Jun Vaitner Sitanggang', 15, 1),
(426, 'K000340354', 'Rajin Tarigan', 15, 1),
(427, 'K000340357', 'Kristina Br Surbakti', 15, 1),
(428, 'K000340642', 'Mariani Purba', 15, 1),
(429, 'K000354910', 'Hermawati Br Kaban, SH', 15, 1),
(430, 'K000354915', 'Jusuf Sembiring', 15, 1),
(431, 'K000354969', 'Dominika Br Ginting S.Pd', 15, 1),
(432, 'K000354976', 'Berita Bernardus Ginting', 15, 1),
(433, 'K000354988', 'Jernalem Toni Simalango', 15, 1),
(434, 'K000355141', 'Marjonta Pandia', 15, 1),
(435, 'K000355188', 'Marsina Br Tarigan SE', 15, 1),
(436, 'K000355201', 'Kamsen Sembiring', 15, 1),
(437, 'K000355258', 'Nurlan Br Tarigan', 15, 1),
(438, 'K000355266', 'Drs Pardamean Siburian', 15, 1),
(439, 'K000355447', 'Robinsius Siregar', 15, 1),
(440, 'K000359959', 'Dewi Manurung', 15, 1),
(441, 'K000359961', 'Stevanus Saragih', 15, 1),
(442, 'K000359970', 'Johanis Tarigan SE', 15, 1),
(443, 'K000447760', 'Aspriadi Tarigan', 15, 1),
(444, 'K000452049', 'Eros Immanuel Sinulingga', 15, 1),
(445, 'K000474791', 'Imanuel Tarigan', 15, 1),
(446, 'K000484148', 'Julius Leo Tarigan', 15, 1),
(447, 'K000484607', 'Dedy Octora Depari', 15, 1),
(448, 'K000485290', 'Hormat Br Kemit', 15, 1),
(449, 'K000304680', 'Martin Ginting', 16, 1),
(450, 'K000304726', 'Kasir Castro Depari', 16, 1),
(451, 'K000304756', 'Suruhen SInulingga', 16, 1),
(452, 'K000305450', 'Johom Tarigan', 16, 1),
(453, 'K000306181', 'Rafael Tarigan', 16, 1),
(454, 'K000307138', 'Asil Karo-karo', 16, 1),
(455, 'K000307184', 'Taman Seroja Surbakti', 16, 1),
(456, 'K000307353', 'Nicholaus Ginting', 16, 1),
(457, 'K000307385', 'Mastaria Br Tarigan', 16, 1),
(458, 'K000307398', 'Damenta Sitepu', 16, 1),
(459, 'K000307464', 'Diego Ray Leonard', 16, 1),
(460, 'K000307478', 'Patriot Ginting', 16, 1),
(461, 'K000307505', 'Tumbor Simarmata', 16, 1),
(462, 'K000307533', 'Armanda Siusta Purba', 16, 1),
(463, 'K000318485', 'Jhonson Tarihoran', 16, 1),
(464, 'K000318528', 'Denny Carmelo Sitepu', 16, 1),
(465, 'K000318533', 'Aziz Putra Barus', 16, 1),
(466, 'K000318544', 'Lusia Sinuraya', 16, 1),
(467, 'K000331027', 'Bukti Tarigan', 16, 1),
(468, 'K000336175', 'Soni Sembiring', 16, 1),
(469, 'K000341228', 'Irmina Rasta Br Ginting', 16, 1),
(470, 'K000341229', 'Christiani Perangin-Angin', 16, 1),
(471, 'K000341312', 'Hendryadi Jaya Putera Purba', 16, 1),
(472, 'K000341319', 'Markus Sinuraya', 16, 1),
(473, 'K000341446', 'Keman Karo-Karo', 16, 1),
(474, 'K000352890', 'Rosina Ginting', 16, 1),
(475, 'K000352897', 'Paten Setia', 16, 1),
(476, 'K000352942', 'Jonson Sembiring', 16, 1),
(477, 'K000355786', 'Rosmasari Br Purba', 16, 1),
(478, 'K000356280', 'Mayurin Ginting', 16, 1),
(479, 'K000383100', 'Saksi Tarigan', 16, 1),
(480, 'K000392713', 'Sarianta Anna Br Kemaren', 16, 1),
(481, 'K000392714', 'Ari Ponda Sembiring', 16, 1),
(482, 'K000403156', 'Reynaldi Octavius Ginting', 16, 1),
(483, 'K000403388', 'Agustinus Triwanta Sembiring', 16, 1),
(484, 'K000445259', 'Rico Pandapotan Girsang', 16, 1),
(485, 'K000327387', 'Antonio Marro Sipayung', 17, 1),
(486, 'K000327392', 'Gunawan Barus', 17, 1),
(487, 'K000327399', 'Riswan Sembiring', 17, 1),
(488, 'K000327447', 'Sempurna Kaban', 17, 1),
(489, 'K000327451', 'Nikson Silalahi', 17, 1),
(490, 'K000327458', 'Dinarta Tarigan', 17, 1),
(491, 'K000327467', 'Sahala Sitorus', 17, 1),
(492, 'K000327499', 'Giro Sihombing', 17, 1),
(493, 'K000327503', 'Suharji Purba', 17, 1),
(494, 'K000327505', 'Gregorius Situmorang', 17, 1),
(495, 'K000327508', 'Joppie Immanuel Tarigan', 17, 1),
(496, 'K000327509', 'Dessy D. Br Sinaga', 17, 1),
(497, 'K000327511', 'Darianus Purba', 17, 1),
(498, 'K000327513', 'Albina Br Ginting', 17, 1),
(499, 'K000327563', 'Edison Simanjuntak', 17, 1),
(500, 'K000327572', 'Repida Sianturi', 17, 1),
(501, 'K000327574', 'Tayam Esra Ginting', 17, 1),
(502, 'K000327582', 'Wilson Sinaga', 17, 1),
(503, 'K000327633', 'Marcellius Purba', 17, 1),
(504, 'K000327645', 'Sumaren Kaban', 17, 1),
(505, 'K000327649', 'Raja Madan Simbolon', 17, 1),
(506, 'K000327666', 'Imelda Rimenda Purba', 17, 1),
(507, 'K000327668', 'Darwis Tamba SE', 17, 1),
(508, 'K000327728', 'Marhehe Siburian', 17, 1),
(509, 'K000327997', 'Mariana Sinaga', 17, 1),
(510, 'K000328044', 'Toni Setia Ginting', 17, 1),
(511, 'K000328052', 'Hermanto Sinurat', 17, 1),
(512, 'K000328063', 'Romanus Sipayung', 17, 1),
(513, 'K000328065', 'Jonas Sinurat', 17, 1),
(514, 'K000328075', 'BonifasiusMartua Sinurat', 17, 1),
(515, 'K000341157', 'Usman Nahampun', 17, 1),
(516, 'K000341169', 'Albertus Musa Partogi Manik', 17, 1),
(517, 'K000341216', 'Elvin Ginting', 17, 1),
(518, 'K000341220', 'Rosma Naibaho', 17, 1),
(519, 'K000341225', 'Ucok Yoantha', 17, 1),
(520, 'K000355819', 'Oliver Crony Sembiring', 17, 1),
(521, 'K000355896', 'Avensius Girsang', 17, 1),
(522, 'K000484627', 'Jusup Sukatendel', 17, 1),
(523, 'K000207378', 'Luter Karo-Karo', 18, 1),
(524, 'K000207379', 'Marinus Purba', 18, 1),
(525, 'K000207380', 'Jasa Barus', 18, 1),
(526, 'K000207381', 'Hendri Tarigan', 18, 1),
(527, 'K000207382', 'Martha Kristina Sitepu', 18, 1),
(528, 'K000207386', 'Raijon LL', 18, 1),
(529, 'K000207387', 'Viktor Sahala Jefri Situmorang', 18, 1),
(530, 'K000207391', 'Robinson Viator Lingga', 18, 1),
(531, 'K000207392', 'Ariston Barus', 18, 1),
(532, 'K000207393', 'Paidan Tumanggor', 18, 1),
(533, 'K000207394', 'Kalpin Sembiring', 18, 1),
(534, 'K000207395', 'Idup Sinulingga', 18, 1),
(535, 'K000207396', 'Pasti Ginting', 18, 1),
(536, 'K000207397', 'Junita Juliana Karo-karo', 18, 1),
(537, 'K000207400', 'Rosdita Simamora', 18, 1),
(538, 'K000207401', 'Satrianus Sembiring', 18, 1),
(539, 'K000207402', 'Arlen Pinem', 18, 1),
(540, 'K000207404', 'Antonius M Purba', 18, 1),
(541, 'K000207405', 'Krisman Sinaga', 18, 1),
(542, 'K000207407', 'Viktor Sembiring', 18, 1),
(543, 'K000207408', 'Darius Ginting', 18, 1),
(544, 'K000207409', 'Agustinus JP Purba', 18, 1),
(545, 'K000207410', 'Alfonsus Budi P Damanik', 18, 1),
(546, 'K000327242', 'Florida Manjorang', 18, 1),
(547, 'K000327243', 'Taman Br Bangun', 18, 1),
(548, 'K000327281', 'Sempurna Ginting', 18, 1),
(549, 'K000327294', 'Nikodemus Barus', 18, 1),
(550, 'K000327299', 'Theodora Saragih', 18, 1),
(551, 'K000327317', 'Purnama ', 18, 1),
(552, 'K000327327', 'Jansen Matanari', 18, 1),
(553, 'K000331025', 'Romulus Sembiring', 18, 1),
(554, 'K000333364', 'Fransiscus Silalahi', 18, 1),
(555, 'K000333443', 'Veronika Samaria Sembiring', 18, 1),
(556, 'K000333516', 'Johannes Ajutor Ginting', 18, 1),
(557, 'K000333552', 'Risonly Simbolon', 18, 1),
(558, 'K000333558', 'Nono Sebayang', 18, 1),
(559, 'K000333572', 'Marice Sihotang', 18, 1),
(560, 'K000333587', 'Masta br Barus', 18, 1),
(561, 'K000333631', 'Carles Ginting', 18, 1),
(562, 'K000333637', 'Safrianus Ekasapta Tarigan', 18, 1),
(563, 'K000333655', 'Franciscus Kaverius Purba', 18, 1),
(564, 'K000333766', 'Pieter Tarigan', 18, 1),
(565, 'K000333807', 'Setia Ginting', 18, 1),
(566, 'K000333818', 'Tomy', 18, 1),
(567, 'K000333905', 'Tuah Depari Tarigan', 18, 1),
(568, 'K000355761', 'Uli Hasudungan Sinaga', 18, 1),
(569, 'K000388779', 'Reja Fernando Muham', 18, 1),
(570, 'K000404916', 'Andryanta Sembiring', 18, 1),
(571, 'K000456289', 'Lintong Simon Samosir', 18, 1),
(572, 'K000325983', 'Riasta Barus', 19, 1),
(573, 'K000325990', 'Feri Yanto Sitepu', 19, 1),
(574, 'K000326032', 'Edi Suranta Sembiring', 19, 1),
(575, 'K000326039', 'Siam br Sembiring', 19, 1),
(576, 'K000326131', 'Megawati Br Ginting', 19, 1),
(577, 'K000326322', 'Krisventus Surbakti', 19, 1),
(578, 'K000326327', 'Pasu Ginting', 19, 1),
(579, 'K000326330', 'Bima Barus', 19, 1),
(580, 'K000326344', 'Honda Meliala', 19, 1),
(581, 'K000326364', 'Rio Stepanus Tarigan', 19, 1),
(582, 'K000326379', 'Halomoan Simbolon', 19, 1),
(583, 'K000326455', 'Tamson Tarigan', 19, 1),
(584, 'K000326467', 'Pekan Yan Petrek Banurea', 19, 1),
(585, 'K000326510', 'Model Sembiring', 19, 1),
(586, 'K000326570', 'Polo Tarigan', 19, 1),
(587, 'K000326577', 'Budi Baik Bangun', 19, 1),
(588, 'K000326676', 'Hendry Silitonga, SH', 19, 1),
(589, 'K000326716', 'Martina br Ginting', 19, 1),
(590, 'K000326726', 'Andreas Daniel Tarigan', 19, 1),
(591, 'K000326737', 'Bantu Ketaren', 19, 1),
(592, 'K000330473', 'Ivone Joan Angela', 19, 1),
(593, 'K000330479', 'Alexander Sinaga', 19, 1),
(594, 'K000330483', 'Relitna br Ginting', 19, 1),
(595, 'K000331369', 'Samsuddin Sembiring', 19, 1),
(596, 'K000331381', 'Sofia Dewi Ginting', 19, 1),
(597, 'K000332372', 'Aswar Fransiskus Tarigan', 19, 1),
(598, 'K000332375', 'Romel Ginting', 19, 1),
(599, 'K000335812', 'Bangkit Sembiring', 19, 1),
(600, 'K000335815', 'Hendri Bangun', 19, 1),
(601, 'K000335836', 'Ignasius Ginting', 19, 1),
(602, 'K000335909', 'Ediamosta Bangun', 19, 1),
(603, 'K000335926', 'Ir. Arizon Ginting', 19, 1),
(604, 'K000336996', 'Sertamin br Karo', 19, 1),
(605, 'K000339931', 'Firdaus', 19, 1),
(606, 'K000340604', 'Mulana Sembiring', 19, 1),
(607, 'K000340959', 'Suntuk Br Perangin-angin', 19, 1),
(608, 'K000340960', 'Bakti Tarigan', 19, 1),
(609, 'K000340962', 'Indra S Pandia', 19, 1),
(610, 'K000340970', 'Sukaria Br Ginting', 19, 1),
(611, 'K000340972', 'Roy Olsen Sitorus', 19, 1),
(612, 'K000344934', 'Rukinah Br Purba', 19, 1),
(613, 'K000356493', 'Bahagia Sembiring', 19, 1),
(614, 'K000361637', 'Jerry Begin Ginting', 19, 1),
(615, 'K000374123', 'Balige', 19, 1),
(616, 'K000378837', 'Arwadi Silitonga', 19, 1),
(617, 'K000397179', 'Rijon Hutasoit', 19, 1),
(618, 'K000404861', 'Ernipa Br Manjorang', 19, 1),
(619, 'K000409436', 'Martinus Karo Sekali', 19, 1),
(620, 'K000429234', 'Wahid Tarigan', 19, 1),
(621, 'K000455596', 'Desman Perandi Ginting', 19, 1),
(622, 'K000489772', 'DENY MARTIANO SEMBIRING', 19, 1),
(623, 'K000496056', 'Jioni Santo Frans', 19, 1),
(624, 'K000276053', 'Haogomano Zebua', 20, 1),
(625, 'K000314422', 'Enanro Julianus Pinem', 20, 1),
(626, 'K000339892', 'Johannes Pinem', 20, 1),
(627, 'K000339896', 'Abram Gamaliel Tarigan', 20, 1),
(628, 'K000339902', 'Safiorta Kaban', 20, 1),
(629, 'K000339922', 'Alexander Sitepu', 20, 1),
(630, 'K000339977', 'Jhon Putra Tarigan', 20, 1),
(631, 'K000340008', 'Muliate br Ginting', 20, 1),
(632, 'K000340010', 'Mehamat Sembiring', 20, 1),
(633, 'K000340011', 'Sura Edi Bangun', 20, 1),
(634, 'K000340014', 'Namora Ginting', 20, 1),
(635, 'K000340021', 'Arnadestra Tarigan', 20, 1),
(636, 'K000340027', 'Bakti Karo-Karo', 20, 1),
(637, 'K000340054', 'Tengteng Tarigan', 20, 1),
(638, 'K000340072', 'Sampit Ginting', 20, 1),
(639, 'K000340080', 'Franseda Ginting', 20, 1),
(640, 'K000340091', 'Guna Ginting', 20, 1),
(641, 'K000340094', 'Elisa Purba', 20, 1),
(642, 'K000340098', 'Elias Susanto Tarigan', 20, 1),
(643, 'K000340102', 'Nurih Br Ginting', 20, 1),
(644, 'K000340103', 'Bastanta Pandia', 20, 1),
(645, 'K000352409', 'Njenap Ginting', 20, 1),
(646, 'K000352411', 'Roma Jaya Girsang', 20, 1),
(647, 'K000352418', 'Mawan Ginting', 20, 1),
(648, 'K000410722', 'Cikepen Purba', 20, 1),
(649, 'K000410728', 'Hormat Karo-karo', 20, 1),
(650, 'K000470324', 'Damianus Tarigan', 20, 1),
(651, 'K000207415', 'Darius Ginting', 21, 1),
(652, 'K000207416', 'Masmur Sianturi', 21, 1),
(653, 'K000207417', 'Nurdin Surbakti', 21, 1),
(654, 'K000207418', 'Kamun Tarigan', 21, 1),
(655, 'K000207419', 'Demmu Karo-karo', 21, 1),
(656, 'K000207420', 'Ramlan Singarimbun', 21, 1),
(657, 'K000207421', 'Rasman Padang', 21, 1),
(658, 'K000207422', 'Sahat Sinaga', 21, 1),
(659, 'K000207423', 'Minawati Br Singarimbun', 21, 1),
(660, 'K000207424', 'Antoni Sembiring', 21, 1),
(661, 'K000207428', 'Basmi Tarigan', 21, 1),
(662, 'K000207429', 'Risman', 21, 1),
(663, 'K000207431', 'Yustinus Tarigan', 21, 1),
(664, 'K000207432', 'Daulat Raja P Hutagalung', 21, 1),
(665, 'K000207433', 'Dinarta Sembiring', 21, 1),
(666, 'K000207436', 'Riahta Br Surbakti', 21, 1),
(667, 'K000207438', 'Sinar Ginting', 21, 1),
(668, 'K000207440', 'Daster Sinulingga', 21, 1),
(669, 'K000207441', 'Dedy Joswandi Sinaga', 21, 1),
(670, 'K000327748', 'Roy Jonsen Girsang', 21, 1),
(671, 'K000327974', 'Harta Br Meliala ', 21, 1),
(672, 'K000328036', 'Niko Efrada', 21, 1),
(673, 'K000335468', 'Ramin Br Bangun', 21, 1),
(674, 'K000335470', 'Fransiscus Tarigan', 21, 1),
(675, 'K000335472', 'Adil Tarigan', 21, 1),
(676, 'K000335473', 'Adil Tarigan', 21, 1),
(677, 'K000335475', 'Sejahtera Barus', 21, 1),
(678, 'K000335829', 'Halomoan Bangun', 21, 1),
(679, 'K000337786', 'Ramendra Wiro Ginting', 21, 1),
(680, 'K000337976', 'Betarina Br Perangin Angin', 21, 1),
(681, 'K000207352', 'Tony Ancelmus Sihombing', 22, 1),
(682, 'K000207353', 'Sumarni Br Pinem', 22, 1),
(683, 'K000207354', 'Rudi Roberstus Naibaho', 22, 1),
(684, 'K000207355', 'Hilarius Aman Sitepu', 22, 1),
(685, 'K000207357', 'Samitera Sembiring', 22, 1),
(686, 'K000207358', 'Partode Sebayang', 22, 1),
(687, 'K000207359', 'Tenang Rosadalina Br Suka', 22, 1),
(688, 'K000207360', 'Vinsensius Suryawarta Sihombing', 22, 1),
(689, 'K000207361', 'Rosmaria', 22, 1),
(690, 'K000207362', 'Andrianus Ganjangen Sitepu', 22, 1),
(691, 'K000207363', 'Josep Sembiring', 22, 1),
(692, 'K000207367', 'Rostiani Br Sitepu', 22, 1),
(693, 'K000207368', 'J Roni Tuah Saragih', 22, 1),
(694, 'K000207370', 'Sampe Malem Ginting', 22, 1),
(695, 'K000207375', 'Rasmina Sembiring', 22, 1),
(696, 'K000303849', 'Justinus Pandiangan', 22, 1),
(697, 'K000303897', 'Ubaldus Seto', 22, 1),
(698, 'K000336309', 'Iwan Maranatha Barus', 22, 1),
(699, 'K000336313', 'Viator Antonius Hutahaean', 22, 1),
(700, 'K000336399', 'Lucia Mutiara Br Karo', 22, 1),
(701, 'K000336501', 'Dr. Ermarina Br Bangun', 22, 1),
(702, 'K000336782', 'Gani Ergan Depari', 22, 1),
(703, 'K000336805', 'Paulus Putra Bangun', 22, 1),
(704, 'K000336900', 'Jesayas Sembiring', 22, 1),
(705, 'K000336904', 'Dimitri Bonaventura Purba', 22, 1),
(706, 'K000340551', 'Vidi Basmi Antonius Tarigan', 22, 1),
(707, 'K000340558', 'Marietta Ngayami Br. Tarigan', 22, 1),
(708, 'K000340978', 'Drs. Samin Ginting', 22, 1),
(709, 'K000340980', 'Nursiyah Br Karo', 22, 1),
(710, 'K000340981', 'Herdianus Jou', 22, 1),
(711, 'K000341001', 'Yohanes Widyandono', 22, 1),
(712, 'K000341013', 'Frans Imanuel Depari', 22, 1),
(713, 'K000273137', 'Usaha Tarigan', 23, 1),
(714, 'K000273163', 'Fabian Juliamri Bangun', 23, 1),
(715, 'K000273186', 'Dharmana Purba', 23, 1),
(716, 'K000273213', 'Thomas Sembiring', 23, 1),
(717, 'K000273234', 'Fransiska Sri Mulyani', 23, 1),
(718, 'K000273243', 'Previn Bangun', 23, 1),
(719, 'K000273263', 'Bersama Bangun', 23, 1),
(720, 'K000273350', 'Boy Kristianto', 23, 1),
(721, 'K000273370', 'Andi Sinuraya', 23, 1),
(722, 'K000273503', 'Sejahtera Pinem', 23, 1),
(723, 'K000274115', 'Arifin Purba', 23, 1),
(724, 'K000274134', 'Alberta Aids', 23, 1),
(725, 'K000274176', 'Ajan Simon Berutu', 23, 1),
(726, 'K000274247', 'Rubenta Kaban', 23, 1),
(727, 'K000274262', 'Tombang Sitohang', 23, 1),
(728, 'K000274300', 'Sedarta Barus', 23, 1),
(729, 'K000274356', 'Justan Josua Ginting', 23, 1),
(730, 'K000274409', 'Endra Putra Gunanta Ginting', 23, 1),
(731, 'K000274432', 'Antonius Brahmana', 23, 1),
(732, 'K000274462', 'Eddi Arapenta Ginting', 23, 1),
(733, 'K000274492', 'Masana Singarimbun', 23, 1),
(734, 'K000329908', 'Marlon Ginting', 23, 1),
(735, 'K000329909', 'Thomas J. Ginting', 23, 1),
(736, 'K000329913', 'Rustiani Br Sinulingga', 23, 1),
(737, 'K000329920', 'Bahagia Bangun', 23, 1),
(738, 'K000329923', 'Rosana Ponten Br Purba', 23, 1),
(739, 'K000332183', 'Hendri Sinulingga', 23, 1),
(740, 'K000357426', 'WILSON PRANATA SURBAKTI', 23, 1),
(741, 'K000441227', 'Yossi Hagaita Tarigan', 23, 1),
(742, 'K000445245', 'Hitler Juniando Lingga', 23, 1),
(743, 'K000253497', 'Dekson', 24, 1),
(744, 'K000297758', 'Bakti Ginting', 24, 1),
(745, 'K000297906', 'Pelcik Singarimbun', 24, 1),
(746, 'K000297960', 'Tergiah Sinuraya', 24, 1),
(747, 'K000297973', 'Arianti Lumbanbatu', 24, 1),
(748, 'K000298015', 'Aslina br Sembiring', 24, 1),
(749, 'K000298058', 'Nurcahaya Purba, Dra', 24, 1),
(750, 'K000298066', 'Ismail Ginting', 24, 1),
(751, 'K000298095', 'Henry Ginting', 24, 1),
(752, 'K000298148', 'Ruben Ginting', 24, 1),
(753, 'K000298174', 'Petrus Ginting', 24, 1),
(754, 'K000298200', 'Petrus', 24, 1),
(755, 'K000298641', 'Jason ginting', 24, 1),
(756, 'K000298707', 'Antony Karo-Karo', 24, 1),
(757, 'K000298748', 'Karya Sastra Brus', 24, 1),
(758, 'K000298773', 'Simarmata Ginting', 24, 1),
(759, 'K000298791', 'Sudiate Tarigan', 24, 1),
(760, 'K000298870', 'Ritawati br Bangun', 24, 1),
(761, 'K000298925', 'Yovianus Tarigan', 24, 1),
(762, 'K000298980', 'Bina Eka Asih Tarigan', 24, 1),
(763, 'K000298992', 'Kasianta Kresensiana', 24, 1),
(764, 'K000299121', 'Thomas Elvianus Sitepu', 24, 1),
(765, 'K000318772', 'Edoard Pranata Barus', 24, 1),
(766, 'K000318787', 'Jonedi Ginting', 24, 1),
(767, 'K000318813', 'Selera Ginting', 24, 1),
(768, 'K000318879', 'Ordebaru Sitepu', 24, 1),
(769, 'K000330343', 'Sobat Sitepu', 24, 1),
(770, 'K000330418', 'Adrisna br Sembiring', 24, 1),
(771, 'K000335479', 'Robert Johanes Perangin-angin', 24, 1),
(772, 'K000335557', 'David Sembiring', 24, 1),
(773, 'K000335566', 'Kerisman Sembiring', 24, 1),
(774, 'K000335572', 'Listra Surbakti', 24, 1),
(775, 'K000335574', 'Samjustra Girsang', 24, 1),
(776, 'K000335582', 'Pelik Sembiring', 24, 1),
(777, 'K000335592', 'Tani Tarigan', 24, 1),
(778, 'K000335609', 'Iketta Bangun', 24, 1),
(779, 'K000335620', 'Delko Tarigan', 24, 1),
(780, 'K000335625', 'Murniaty Sinulingga', 24, 1),
(781, 'K000335629', 'Iskandar Bangun', 24, 1),
(782, 'K000336553', 'Agenda Tarigan', 24, 1),
(783, 'K000407305', 'Helprido Debataraja', 24, 1),
(784, 'K000409445', 'Andi Bayu Pranata', 24, 1),
(785, 'K000415021', 'Imanuel Sembiring', 24, 1),
(786, 'K000488172', 'Sri Ernawati Br Sinulingga', 24, 1),
(787, 'K000488177', 'Josia Purba', 24, 1),
(788, 'K000269591', 'Ingan Pulung Barus', 25, 2),
(789, 'K000289552', 'Helena Ukurmin Sinuraya', 25, 2),
(790, 'K000289578', 'Jhonson Stevanus Sembiring', 25, 2),
(791, 'K000289667', 'Simson sembiring. SH', 25, 2),
(792, 'K000289756', 'Barmes Matondang', 25, 2),
(793, 'K000289843', 'Chrismas Gongga', 25, 2),
(794, 'K000290189', 'Frienson Siallagan', 25, 2),
(795, 'K000290236', 'Ganda Purba', 25, 2),
(796, 'K000290277', 'Jansen Surbakti, ST', 25, 2),
(797, 'K000290362', 'Usor-Usor Br Perangin-angin', 25, 2),
(798, 'K000290371', 'Wesli Butar-Butar', 25, 2),
(799, 'K000290400', 'Roberthus Bangun, Dr', 25, 2),
(800, 'K000290478', 'Yetty Marlina br Ginting', 25, 2),
(801, 'K000290507', 'Rony Arahta Sembiring', 25, 2),
(802, 'K000290816', 'Ratnawaty. S. Dra', 25, 2),
(803, 'K000290842', 'Perista Sitepu', 25, 2),
(804, 'K000290911', 'Fransiskus Kapirus Ginting', 25, 2),
(805, 'K000290968', 'Abibon Nainggolan', 25, 2),
(806, 'K000291058', 'Harun br Sembiring', 25, 2),
(807, 'K000291073', 'Mangihut H. Limbong', 25, 2),
(808, 'K000291140', 'Djendakem br Sembiring', 25, 2),
(809, 'K000291160', 'Trisnoben Swandi Simamora, S.Kom', 25, 2),
(810, 'K000291180', 'Agus Tony Sembiring', 25, 2),
(811, 'K000291205', 'Sisaria br Ginting', 25, 2),
(812, 'K000291519', 'Parsaoran Sagala', 25, 2),
(813, 'K000291553', 'Riamor Surbakti', 25, 2),
(814, 'K000291599', 'Mengkat Br Ginting', 25, 2),
(815, 'K000291647', 'Togar Sitanggang', 25, 2),
(816, 'K000291754', 'Wandro Abadi Agnellus Malau, S.STP', 25, 2),
(817, 'K000291811', 'Hasudungan Sihombing', 25, 2),
(818, 'K000354473', 'Parulian Sihaloho', 25, 2),
(819, 'K000354734', 'Rismawati Lioba Sinaga', 25, 2),
(820, 'K000354748', 'Paulus Barus', 25, 2),
(821, 'K000355261', 'Jonathan Tarigan', 25, 2),
(822, 'K000355269', 'Hombar Simanjorang', 25, 2),
(823, 'K000355453', 'Junaidi Kesaponta Purba', 25, 2),
(824, 'K000355477', 'Romanus Tentu Ginting', 25, 2),
(825, 'K000469061', 'Pengarapenta', 25, 2),
(826, 'K000477587', 'Masro Situmorang', 25, 2),
(827, 'K000334769', 'Rudi Rapael Ginting', 26, 2),
(828, 'K000334773', 'Rantus Silaban', 26, 2),
(829, 'K000334786', 'Henoris Silaban', 26, 2),
(830, 'K000334790', 'Aspin  Aruan, SH.,S.Pd.,M.Kn', 26, 2),
(831, 'K000334802', 'Sofian  Sianturi', 26, 2),
(832, 'K000334803', 'Basaria br Sinaga', 26, 2),
(833, 'K000334807', 'Sahala Siregar', 26, 2),
(834, 'K000334811', 'Menderius Marbun', 26, 2),
(835, 'K000334815', 'Nobersus Silaban', 26, 2),
(836, 'K000334881', 'Baginda Simanjuntak', 26, 2),
(837, 'K000334895', 'Hotlider Naibaho', 26, 2),
(838, 'K000334902', 'Leo Mangatur Purba', 26, 2),
(839, 'K000334906', 'Herlina br Ginting', 26, 2),
(840, 'K000334914', 'Rosman Sinambela', 26, 2),
(841, 'K000334916', 'Kolam Br Ginting', 26, 2),
(842, 'K000334966', 'Tumpal Naibaho', 26, 2),
(843, 'K000335001', 'Panangian Johannes S. M. Sihaloho', 26, 2),
(844, 'K000335006', 'Ady Santo Meyanda Tumanggor', 26, 2),
(845, 'K000335016', 'Dirman Sudi Sihaloho', 26, 2),
(846, 'K000335025', 'Andika Sembiring', 26, 2),
(847, 'K000335028', 'Bistok', 26, 2),
(848, 'K000335036', 'Rasdim S Tumanggor', 26, 2),
(849, 'K000335038', 'Arnaldo Rudi F Harianja', 26, 2),
(850, 'K000335040', 'Agustinus Purba', 26, 2),
(851, 'K000335066', 'Paedan Parulian Sihaloho', 26, 2),
(852, 'K000418365', 'Andrius Fransiskus Saing', 26, 2),
(853, 'K000485208', 'Edy Syahputra Sinulingga', 26, 2),
(854, 'K000331229', 'Pius Mangaratua Siambaton', 27, 2),
(855, 'K000331242', 'Usman Purba', 27, 2),
(856, 'K000331314', 'Rudi Simbolon', 27, 2),
(857, 'K000331322', 'Sumurung Manulang', 27, 2),
(858, 'K000331326', 'Cosmas Bukit', 27, 2),
(859, 'K000331341', 'Marudut TH. Sagala', 27, 2),
(860, 'K000331372', 'Irvan Fransius Perangin-Angin', 27, 2),
(861, 'K000331389', 'Gemsius Franskus Tumanggor', 27, 2),
(862, 'K000331485', 'Esty Simbolon', 27, 2),
(863, 'K000331657', 'Roy Saputra Sinabariba', 27, 2),
(864, 'K000331773', 'Laurensius Tumanggor', 27, 2),
(865, 'K000331783', 'Rehmasana Ginting Suka', 27, 2),
(866, 'K000331847', 'Herman Situmorang', 27, 2),
(867, 'K000331863', 'Mangada Simbolon', 27, 2),
(868, 'K000331868', 'Mangisitua Pasaribu', 27, 2),
(869, 'K000332147', 'Natal Parulian Simbolon', 27, 2),
(870, 'K000332152', 'Jupri Lumban Gaol', 27, 2),
(871, 'K000332184', 'Jaiden Simbolon', 27, 2),
(872, 'K000332247', 'Rudin Sitanggang', 27, 2),
(873, 'K000332270', 'Lesran Sitepu', 27, 2),
(874, 'K000332349', 'Asbon Aloisius Nainggolan', 27, 2),
(875, 'K000332361', 'Hormat Ginting', 27, 2),
(876, 'K000332364', 'Tionina Theresia Sihaloho', 27, 2),
(877, 'K000340529', 'Renia Br Sitanggang', 27, 2),
(878, 'K000347655', 'Bindu Simon Ch Pasaribu', 27, 2),
(879, 'K000399585', 'Paskal Arianto Simbolon', 27, 2),
(880, 'K000515722', 'Kristop Ferri Simalango', 27, 2),
(881, 'K000335087', 'Jhon Betlin Purba', 28, 2),
(882, 'K000335101', 'Domentus Tinambunan', 28, 2),
(883, 'K000335127', 'Hendra Manatar Haloho, S.H', 28, 2),
(884, 'K000335134', 'Natalis Sitanggang', 28, 2),
(885, 'K000335149', 'Sudiranto Sembiring', 28, 2),
(886, 'K000335151', 'Herano Sembiring', 28, 2),
(887, 'K000335159', 'Meryana Br Karo', 28, 2),
(888, 'K000335163', 'Magdalena Simbolon', 28, 2),
(889, 'K000340056', 'Ruslan Tinambunan', 28, 2),
(890, 'K000340075', 'Binsar Simarmata, SS, M.M.', 28, 2),
(891, 'K000340082', 'Kristianus Sipayung', 28, 2),
(892, 'K000340092', 'Jhon Frendi Saragih', 28, 2),
(893, 'K000340093', 'Felexs Andy Azy', 28, 2),
(894, 'K000340095', 'Lusius Aroziduhu Mendrofa', 28, 2),
(895, 'K000340100', 'Bertua Sidabutar', 28, 2),
(896, 'K000355600', 'Henny Malau', 28, 2),
(897, 'K000355611', 'Jhoni Hendra Simbolon', 28, 2),
(898, 'K000355615', 'Umar Barlianta Sinaga', 28, 2),
(899, 'K000355617', 'Roynd Sembiring', 28, 2),
(900, 'K000355710', 'Yenny Yanti Rosida Br Sitanggang', 28, 2),
(901, 'K000355724', 'Riris Br Sianturi', 28, 2),
(902, 'K000355751', 'Tahoma Luxer Sihaloho', 28, 2),
(903, 'K000355789', 'Ya\'atulo Bawamenewi', 28, 2),
(904, 'K000355820', 'Novita Francisca Surbakti', 28, 2),
(905, 'K000355865', 'Parbengetan Hasiholan Sihotang', 28, 2),
(906, 'K000355882', 'Rosali Kresensia Br Sembiring', 28, 2),
(907, 'K000355886', 'Parman Ginting', 28, 2),
(908, 'K000355891', 'Randa Gani Ginting', 28, 2),
(909, 'K000355897', 'Ronald Sembiring', 28, 2),
(910, 'K000356167', 'Mangapul Markus Situmorang', 28, 2),
(911, 'K000357344', 'Kristiana Br Sihombing', 28, 2),
(912, 'K000269313', 'Paldin Sipahutar', 29, 2),
(913, 'K000269329', 'Ramesta Manurung', 29, 2),
(914, 'K000269554', 'Jetro Klementinus Hasugian', 29, 2),
(915, 'K000269979', 'Krisman Simanjorang', 29, 2),
(916, 'K000270077', 'Aston L Situmorang', 29, 2),
(917, 'K000270118', 'Mateus Tunggul Sihotang', 29, 2),
(918, 'K000270172', 'Roni Budi Arti Siagian ', 29, 2),
(919, 'K000270267', 'Irwan Sentosa Sitepu', 29, 2),
(920, 'K000270279', 'Ritim Karo Sekali', 29, 2),
(921, 'K000270293', 'Edward M Munthe', 29, 2),
(922, 'K000270322', 'Sarma Purnama Siregar', 29, 2),
(923, 'K000271407', 'Mangantar Sitohang', 29, 2),
(924, 'K000271460', 'Faigiziduhu Zega', 29, 2),
(925, 'K000271485', 'Polmen Rudianto Situmorang', 29, 2),
(926, 'K000271544', 'Menterius Panjaitan', 29, 2),
(927, 'K000271572', 'Kasim Tumanggor', 29, 2),
(928, 'K000272228', 'Junedi Vernando Sitanggang', 29, 2),
(929, 'K000272254', 'Terigani Br Tarigan ', 29, 2),
(930, 'K000272283', 'Aminton Saragi', 29, 2),
(931, 'K000272373', 'Hormat Panca Simanjuntak', 29, 2),
(932, 'K000272394', 'Rodina Br Sinaga', 29, 2),
(933, 'K000272398', 'Arifin Siregar', 29, 2),
(934, 'K000272418', 'Makjaiden Marbun', 29, 2),
(935, 'K000294121', 'Krisnetto Rotua Simbolon', 29, 2),
(936, 'K000330340', 'Rokastina Rosa Br Simbolon', 29, 2),
(937, 'K000331245', 'Purba Tarigan', 29, 2),
(938, 'K000335243', 'Polin Sinaga', 29, 2),
(939, 'K000335264', 'Grippa Sihotang', 29, 2),
(940, 'K000335281', 'Togar Pasaribu', 29, 2),
(941, 'K000338603', 'Mikael Marbun', 29, 2),
(942, 'K000436962', 'Rizal Situmorang', 29, 2),
(943, 'K000485187', 'Rolas Naibaho', 29, 2),
(944, 'K000268288', 'Alexander Libertus Sihaloho', 30, 2),
(945, 'K000268367', 'Manogar Sihombing', 30, 2),
(946, 'K000268413', 'Edwin Sembiring', 30, 2),
(947, 'K000268471', 'Rupinawaty Br Purba', 30, 2),
(948, 'K000268477', 'M. Ronald Sigalingging', 30, 2),
(949, 'K000268495', 'Binsar Heryanto Butar Butar', 30, 2),
(950, 'K000268523', 'Barita Simbolon', 30, 2),
(951, 'K000268583', 'Aleksius Naibaho', 30, 2),
(952, 'K000268629', 'Raup Harild Sinurat', 30, 2),
(953, 'K000290812', 'Herman Gepa', 30, 2),
(954, 'K000290883', 'Tiurma Hutabarat', 30, 2),
(955, 'K000290924', 'Sedar Perangin-angin', 30, 2),
(956, 'K000291081', 'Esron Ambarita, SS., M, HUM', 30, 2),
(957, 'K000291156', 'Peringetten Br Purba', 30, 2),
(958, 'K000291171', 'Pingkir Simalango SE', 30, 2),
(959, 'K000291764', 'Safrianus, SPD', 30, 2),
(960, 'K000291815', 'Edison Naibaho', 30, 2),
(961, 'K000291861', 'Juhardi Pinem', 30, 2),
(962, 'K000292427', 'Rusti Br Naibaho', 30, 2),
(963, 'K000292469', 'Roy Sihaloho', 30, 2),
(964, 'K000292522', 'Landong Sihombing', 30, 2),
(965, 'K000293069', 'Timbul Parulian Sihombing', 30, 2),
(966, 'K000293085', 'Jonson Sihombing', 30, 2),
(967, 'K000293134', 'Pardamean Sitanggang', 30, 2),
(968, 'K000293575', 'Holmes Petrus Pardede, S.E', 30, 2),
(969, 'K000293606', 'Timbul Nacen Purba', 30, 2),
(970, 'K000293756', 'Tigor Sitanggang', 30, 2),
(971, 'K000296164', 'Rasmin Br Limbong', 30, 2),
(972, 'K000296231', 'Saut Matedius Situmorang', 30, 2),
(973, 'K000296276', 'Simon Hamonangan Tumanggor', 30, 2),
(974, 'K000296318', 'Julihar Sitanggang', 30, 2),
(975, 'K000296381', 'Pasu Sinurat', 30, 2),
(976, 'K000296455', 'Joston Justianus Nadeak', 30, 2),
(977, 'K000296479', 'Rovianti Pardede', 30, 2),
(978, 'K000296505', 'Victor Effendi Purba, AMd', 30, 2),
(979, 'K000311551', 'Sutina Christina Purba', 30, 2),
(980, 'K000312819', 'Matheus Saudara Malau', 30, 2),
(981, 'K000312839', 'Nurbetty Br Sembiring', 30, 2),
(982, 'K000312882', 'Yose Fery Halomoan Sitanggang', 30, 2),
(983, 'K000340740', 'Maria Rosmawati Br Purba', 30, 2),
(984, 'K000340742', 'Reinhard Sinaga', 30, 2),
(985, 'K000340993', 'Kordi Sitanggang', 30, 2),
(986, 'K000207577', 'Atseng Sinurat', 31, 2),
(987, 'K000207590', 'Tenang Perangin Angin', 31, 2),
(988, 'K000207614', 'Saut Martogi Tua Manik', 31, 2),
(989, 'K000335106', 'Antonius Girsang', 31, 2),
(990, 'K000335147', 'Marianna Br Gurukinayan', 31, 2),
(991, 'K000335152', 'Dalanta Bangun', 31, 2),
(992, 'K000335158', 'Benaria Tarigan', 31, 2),
(993, 'K000335197', 'Badenggan Sihombing', 31, 2),
(994, 'K000335204', 'Marudut Banjarnahor', 31, 2),
(995, 'K000335216', 'Agus Sugianto Purba', 31, 2),
(996, 'K000335224', 'Torang Manghiut Tua Hutapea', 31, 2),
(997, 'K000335230', 'Edarman Bali', 31, 2),
(998, 'K000335238', 'Sarimin Ginting', 31, 2),
(999, 'K000335245', 'Normal Tarigan', 31, 2),
(1000, 'K000340276', 'Zaman Sitepu', 31, 2),
(1001, 'K000340588', 'Robertus Sitepu', 31, 2),
(1002, 'K000340652', 'Malimsyah Ginting', 31, 2),
(1003, 'K000340717', 'Jermi Robertus Sinaga', 31, 2),
(1004, 'K000340738', 'Christian Oloan Simangunsong', 31, 2),
(1005, 'K000340741', 'Benni Sonata Sembiring', 31, 2),
(1006, 'K000363063', 'Daulat Ginting', 31, 2),
(1007, 'K000363073', 'Heron Ginting', 31, 2),
(1008, 'K000377508', 'Kasmin Sihombing', 31, 2),
(1009, 'K000377987', 'Ganda Tua Tambunan', 31, 2),
(1010, 'K000382915', 'Guntur Sijabat', 31, 2),
(1011, 'K000382921', 'Esekel Vandegoli Sembiring', 31, 2),
(1012, 'K000392466', 'Fridawati Girsang', 31, 2),
(1013, 'K000392703', 'Nelharia Tinambunan', 31, 2),
(1014, 'K000397174', 'Sentosa Sinuhaji', 31, 2),
(1015, 'K000399579', 'Erwandi Martinus Sembiring', 31, 2),
(1016, 'K000413197', 'Elia Kembaren', 31, 2),
(1017, 'K000474776', 'Keleng Kaban', 31, 2),
(1018, 'K000474781', 'Maria Magdalena', 31, 2),
(1019, 'K000474793', 'Rulia Br Tamba', 31, 2),
(1020, 'K000484617', 'Dedi Fernando Hasiholan Banjarnahor', 31, 2),
(1021, 'K000222927', 'DOLOK SAMUEL', 32, 2),
(1022, 'K000285838', 'Julpinsen Purba', 32, 2),
(1023, 'K000342544', 'Bilduatus Simbolon', 32, 2),
(1024, 'K000342722', 'Vinsentius Pandiangan', 32, 2),
(1025, 'K000342727', 'Josmartua Panjaitan', 32, 2),
(1026, 'K000354621', 'Remanus Tarihoran', 32, 2),
(1027, 'K000354633', 'Jhonny Hutabarat', 32, 2),
(1028, 'K000354662', 'Edi Handoko Malau', 32, 2),
(1029, 'K000356205', 'Parulian Simatupang', 32, 2),
(1030, 'K000356211', 'Herlan Hilarius Sinaga', 32, 2),
(1031, 'K000356234', 'Rudi Afrianto Tamba', 32, 2),
(1032, 'K000356279', 'Dedy Rokadi Nainggolan', 32, 2),
(1033, 'K000356301', 'Darwin Efendy Simanjuntak', 32, 2),
(1034, 'K000356319', 'Robinson Tarihoran', 32, 2),
(1035, 'K000356326', 'Timbul Fransisko Sihombing', 32, 2),
(1036, 'K000356336', 'Pernando Ambarita', 32, 2),
(1037, 'K000356421', 'Nupari Hutahaean', 32, 2),
(1038, 'K000356455', 'Mikael Tampubolon', 32, 2),
(1039, 'K000356469', 'Desbron Fransiskus Sihombing', 32, 2),
(1040, 'K000356488', 'Sumihar Tarihoran', 32, 2),
(1041, 'K000356520', 'Mario Santu Silalahi', 32, 2),
(1042, 'K000356527', 'Victor Marulitua Romulus Manik', 32, 2),
(1043, 'K000356538', 'Rita Br Sinurat', 32, 2),
(1044, 'K000356545', 'Bernard P Manurung', 32, 2),
(1045, 'K000356549', 'Joni Pardamean Hasugian', 32, 2),
(1046, 'K000356668', 'Aston Sipahutar', 32, 2);
INSERT INTO `umat` (`id_umat`, `no_kk`, `nama_kepala_kk`, `id_lingkungan`, `id_stasi`) VALUES
(1047, 'K000356896', 'Jendar Ildepancus Sianturi', 32, 2),
(1048, 'K000356903', 'Rosa Delima Br Panjaitan', 32, 2),
(1049, 'K000356908', 'Gita Donda Feronika', 32, 2),
(1050, 'K000356912', 'Darma Br Manulang', 32, 2),
(1051, 'K000356925', 'Santo Andreas Simarmata', 32, 2),
(1052, 'K000356934', 'Marihot Pimpinan Marbun', 32, 2),
(1053, 'K000356974', 'Rindo Damanik', 32, 2),
(1054, 'K000356990', 'Jusman Sihombing', 32, 2),
(1055, 'K000357006', 'Fernando Marbun', 32, 2),
(1056, 'K000357020', 'Roi Canaldy Pandiangan', 32, 2),
(1057, 'K000367278', 'Lantiur Nainggolan', 32, 2),
(1058, 'K000374827', 'Domutua Tumangger', 32, 2),
(1059, 'K000402213', 'Rici Rikardo Sitinjak', 32, 2),
(1060, 'K000207484', 'Apul Gayus Simanjorang', 33, 2),
(1061, 'K000207485', 'Arwan Kembaren', 33, 2),
(1062, 'K000207486', 'Kharles Maneak Sihombing', 33, 2),
(1063, 'K000207487', 'Edison Virlando Sinurat', 33, 2),
(1064, 'K000207488', 'Hironimus Silaban', 33, 2),
(1065, 'K000207491', 'Ismail Vincentius Sipayung', 33, 2),
(1066, 'K000207492', 'Bungadong Rosalina Sinurat', 33, 2),
(1067, 'K000207493', 'Fetra M Hutabarat', 33, 2),
(1068, 'K000207494', 'Krisson Simbolon', 33, 2),
(1069, 'K000207495', 'Martua Marbun', 33, 2),
(1070, 'K000207496', 'Malem Sembiring', 33, 2),
(1071, 'K000207499', 'Rospita Br Situngkir', 33, 2),
(1072, 'K000207501', 'Ruli Saragih Turnip', 33, 2),
(1073, 'K000207502', 'Raskita Ginting', 33, 2),
(1074, 'K000207503', 'Rupman Sinabariba', 33, 2),
(1075, 'K000207504', 'Lenti Sihombing', 33, 2),
(1076, 'K000207505', 'Amon Saksi Ginting', 33, 2),
(1077, 'K000207506', 'Sarmanto Meliun Manik', 33, 2),
(1078, 'K000207508', 'Sehat Simbolon', 33, 2),
(1079, 'K000207509', 'Serus Simbolon', 33, 2),
(1080, 'K000207510', 'Sarido Samose Tambunan', 33, 2),
(1081, 'K000207511', 'Hisar Paulus Simamora', 33, 2),
(1082, 'K000207513', 'Amron Sianturi', 33, 2),
(1083, 'K000329231', 'Efjanko Paurlian Sinamo', 33, 2),
(1084, 'K000350109', 'Gabriel Silaban', 33, 2),
(1085, 'K000350149', 'Irwan Manurung', 33, 2),
(1086, 'K000350276', 'Postel Simamora', 33, 2),
(1087, 'K000350287', 'Nurdin Sitanggang', 33, 2),
(1088, 'K000350795', 'Daulat Jhon Fery Purba', 33, 2),
(1089, 'K000350995', 'Fransiskus Simbolon', 33, 2),
(1090, 'K000351005', 'Nusria Br Malau', 33, 2),
(1091, 'K000351027', 'Merek Br Tarigan', 33, 2),
(1092, 'K000409843', 'Renardo Lumban Gaol', 33, 2),
(1093, 'K000429961', 'Desson Iqnatius Simamora', 33, 2),
(1094, 'K000207675', 'Swardi Silaban', 34, 2),
(1095, 'K000250001', 'Ihot Rumapea', 34, 2),
(1096, 'K000250019', 'Renti Br. Simbolon', 34, 2),
(1097, 'K000250037', 'Rafael Silaban', 34, 2),
(1098, 'K000250045', 'Lindawati Br Barus', 34, 2),
(1099, 'K000250091', 'Soni Jordan Samosir', 34, 2),
(1100, 'K000250107', 'Dameria Sinaga', 34, 2),
(1101, 'K000250115', 'Kalemes Sagala', 34, 2),
(1102, 'K000250349', 'Urusulin Silaban', 34, 2),
(1103, 'K000250361', 'Derlan Tambunan', 34, 2),
(1104, 'K000250377', 'Albert Tamba', 34, 2),
(1105, 'K000250404', 'Radesman Simarmata', 34, 2),
(1106, 'K000250425', 'Immanuel Barus', 34, 2),
(1107, 'K000250445', 'Indra Kristian Tamba', 34, 2),
(1108, 'K000250564', 'Mastrius Tarigan', 34, 2),
(1109, 'K000250581', 'Surya Hendra Lopiga Manik', 34, 2),
(1110, 'K000250588', 'Abdinus Laia', 34, 2),
(1111, 'K000250610', 'Lengkap Sinaga', 34, 2),
(1112, 'K000250633', 'Karmel Silaban', 34, 2),
(1113, 'K000250812', 'Simon Hormat Pandiangan', 34, 2),
(1114, 'K000250835', 'Januari Sianturi', 34, 2),
(1115, 'K000250854', 'Hezanolo Laia', 34, 2),
(1116, 'K000250868', 'Robert Sitanggang', 34, 2),
(1117, 'K000250883', 'Sentosa Gurusinga', 34, 2),
(1118, 'K000250891', 'Laurensius Sihotang', 34, 2),
(1119, 'K000251015', 'Bahagia Sebayang', 34, 2),
(1120, 'K000251046', 'Tumpal Tinambunan', 34, 2),
(1121, 'K000251058', 'Hardiles Tondra Sembiring', 34, 2),
(1122, 'K000251068', 'Chefryanus Ginting', 34, 2),
(1123, 'K000251083', 'Lionta Tarigan', 34, 2),
(1124, 'K000251292', 'Tua Raja Sihotang', 34, 2),
(1125, 'K000251318', 'Duana H Pinem', 34, 2),
(1126, 'K000251329', 'Sardion Sihombing', 34, 2),
(1127, 'K000251343', 'Edison Aritonang', 34, 2),
(1128, 'K000331398', 'Misaria Nasrani Br Barus', 34, 2),
(1129, 'K000331400', 'Kasman Tarigan', 34, 2),
(1130, 'K000331559', 'Leo Paldus Tamba', 34, 2),
(1131, 'K000331638', 'Menanti Sitepu', 34, 2),
(1132, 'K000335090', 'Rinto Pasaribu', 34, 2),
(1133, 'K000336550', 'Martina Br Silalahi', 34, 2),
(1134, 'K000339195', 'Rino Vernando Pasaribu', 34, 2),
(1135, 'K000354459', 'Robby Deddy Agustin Hutauruk', 34, 2),
(1136, 'K000356996', 'Bernad Sinaga', 34, 2),
(1137, 'K000361663', 'Merlidyawati Manullang', 34, 2),
(1138, 'K000369168', 'Bonar Sinaga', 34, 2),
(1139, 'K000374433', 'Maruli Tua Situmorang', 34, 2),
(1140, 'K000379133', 'Erwin Kurniawan Perangin-angin', 34, 2),
(1141, 'K000411422', 'Amos Habibi Manulang', 34, 2),
(1142, 'K000139942', 'Ranto Folrensius N', 35, 2),
(1143, 'K000331345', 'Parluhutan Situmorang', 35, 2),
(1144, 'K000335261', 'Pena Joana Br Pakpahan', 35, 2),
(1145, 'K000335275', 'Parlin J Nainggolan', 35, 2),
(1146, 'K000335282', 'Basrul Winarto Pasaribu', 35, 2),
(1147, 'K000335319', 'Rancang Situmorang', 35, 2),
(1148, 'K000335330', 'Saut Maniur Hutapea', 35, 2),
(1149, 'K000335340', 'Surung Sihombing', 35, 2),
(1150, 'K000335343', 'Pangajian Sitorus', 35, 2),
(1151, 'K000335359', 'Dewanto Sitanggang', 35, 2),
(1152, 'K000335374', 'Parsaoran Situmorang', 35, 2),
(1153, 'K000335383', 'Ulung F Sitanggang', 35, 2),
(1154, 'K000335393', 'Rudi Anton Marbun', 35, 2),
(1155, 'K000335402', 'Leonardo Lumban Gaol', 35, 2),
(1156, 'K000335420', 'Dumaria Hutagalung', 35, 2),
(1157, 'K000335435', 'Gringo S Situmorang', 35, 2),
(1158, 'K000335442', 'Ria Br Napitupulu', 35, 2),
(1159, 'K000335463', 'Budiman Purba', 35, 2),
(1160, 'K000335469', 'Charles Bronson Silaban', 35, 2),
(1161, 'K000335474', 'Aken Elisabeth Sitanggang', 35, 2),
(1162, 'K000335477', 'Tunggul Silaban', 35, 2),
(1163, 'K000335481', 'Esti Br Sitanggang', 35, 2),
(1164, 'K000335550', 'Linda Levita Hutapea', 35, 2),
(1165, 'K000335560', 'Bobby Kaban', 35, 2),
(1166, 'K000335571', 'Anggiat M Hutabarat', 35, 2),
(1167, 'K000335579', 'Aron Hutabarat', 35, 2),
(1168, 'K000335602', 'Amrin Simanullang', 35, 2),
(1169, 'K000335606', 'Marina Br Saragih', 35, 2),
(1170, 'K000335610', 'Jhon Feteri Girsang', 35, 2),
(1171, 'K000336222', 'Salomo Kingborn Tampubolon', 35, 2),
(1172, 'K000337412', 'Romlen Sirait', 35, 2),
(1173, 'K000339358', 'Satdiantho Kansius Sitangggang', 35, 2),
(1174, 'K000339790', 'Perdinandus Habeahan', 35, 2),
(1175, 'K000442018', 'Ferdinan Togar Silaban', 35, 2),
(1176, 'K000442030', 'Johannes Jefry Jaya Ginting', 35, 2),
(1177, 'K000207514', 'Lemena Emiliana Nainggolan', 36, 2),
(1178, 'K000207515', 'Gunawan Naibaho', 36, 2),
(1179, 'K000207516', 'Hezatulo Adrianus Laia', 36, 2),
(1180, 'K000207517', 'Ramson Simanullang', 36, 2),
(1181, 'K000207518', 'Demson Ambarita', 36, 2),
(1182, 'K000207519', 'Hotjon Harianto Lumban Gaol', 36, 2),
(1183, 'K000207520', 'Wagimin Hasugian', 36, 2),
(1184, 'K000207521', 'Lamser Simalango', 36, 2),
(1185, 'K000207522', 'Jupiter Naibaho', 36, 2),
(1186, 'K000207523', 'Jhon Holmes Naibaho', 36, 2),
(1187, 'K000207526', 'Joni Parlindungan Simarmata', 36, 2),
(1188, 'K000207527', 'Rosti Silaban', 36, 2),
(1189, 'K000207528', 'Saurtua Naibaho', 36, 2),
(1190, 'K000207529', 'Maruly Sinaga', 36, 2),
(1191, 'K000207530', 'Older Fransiskus Simbolon', 36, 2),
(1192, 'K000207531', 'Hendrikus Pasaribu', 36, 2),
(1193, 'K000207532', 'Nesten Marianus Marbun', 36, 2),
(1194, 'K000207534', 'Pasner Libertus Naibaho', 36, 2),
(1195, 'K000207535', 'Riduan Malau', 36, 2),
(1196, 'K000207536', 'Tianggur Hasibuan', 36, 2),
(1197, 'K000207537', 'Dahlan Rinto Mangasi Manurung', 36, 2),
(1198, 'K000207539', 'Handri Sihombing', 36, 2),
(1199, 'K000207540', 'Keseria Simalango', 36, 2),
(1200, 'K000207541', 'Parulian Naibaho', 36, 2),
(1201, 'K000207542', 'Jamiran Gurning', 36, 2),
(1202, 'K000207544', 'Liza Bona Hendrik Tampubolon', 36, 2),
(1203, 'K000207545', 'Saurina Hutahaean', 36, 2),
(1204, 'K000207546', 'Nurdin Naibaho', 36, 2),
(1205, 'K000207547', 'Jhonni Manik', 36, 2),
(1206, 'K000249091', 'Febry Iwan Sono Simalango', 36, 2),
(1207, 'K000249253', 'Johannes Parluhutan Butar Butar', 36, 2),
(1208, 'K000249405', 'Timbul Ferdinandus Naibaho', 36, 2),
(1209, 'K000249414', 'Marnala Simangunsong', 36, 2),
(1210, 'K000249681', 'Heppi Merru Br Situmorang', 36, 2),
(1211, 'K000249966', 'Sartim Br Sembiring', 36, 2),
(1212, 'K000335198', 'Esni Pasaribu', 36, 2),
(1213, 'K000335214', 'Mars Elfandri Naibaho', 36, 2),
(1214, 'K000335222', 'Honorius Banjarnahor', 36, 2),
(1215, 'K000340633', 'Hotman Luhut Purba', 36, 2),
(1216, 'K000364933', 'Ricardo Tarigan', 36, 2),
(1217, 'K000507511', 'Roland Effendi Simbolon', 36, 2),
(1218, 'K000293686', 'Charles Martua Tinambunan', 37, 2),
(1219, 'K000293699', 'Benediktus Samosir', 37, 2),
(1220, 'K000293720', 'Dipho Antariksa Panggabean', 37, 2),
(1221, 'K000293757', 'Monika br. Saragih', 37, 2),
(1222, 'K000293773', 'Marganda Situmorang', 37, 2),
(1223, 'K000293786', 'Josman Pasaribu', 37, 2),
(1224, 'K000294140', 'Bernard Albertus Pasaribu', 37, 2),
(1225, 'K000294154', 'Batuanggil Simbolon', 37, 2),
(1226, 'K000294186', 'Nobertus Parlindungan Situmorang', 37, 2),
(1227, 'K000294228', 'Riancon Sitio', 37, 2),
(1228, 'K000294300', 'Andi Jhon Gultom', 37, 2),
(1229, 'K000294343', 'Davit Agustio Silaen', 37, 2),
(1230, 'K000294371', 'Basman Pasaribu', 37, 2),
(1231, 'K000294435', 'Else Elisabeth Br. Marbun', 37, 2),
(1232, 'K000294452', 'Sarina Kristina Manalu', 37, 2),
(1233, 'K000294470', 'Sabarlia P. Siregar', 37, 2),
(1234, 'K000294945', 'Robert Rimbas Cipta Nainggolan', 37, 2),
(1235, 'K000295008', 'Edy Ilva Sihotang', 37, 2),
(1236, 'K000295060', 'Nofan Rullyanto Tinambunan', 37, 2),
(1237, 'K000295136', 'Eriston Pasaribu', 37, 2),
(1238, 'K000295164', 'Juner Gultom', 37, 2),
(1239, 'K000295201', 'Rudyanto Simanihuruk', 37, 2),
(1240, 'K000295721', 'Petrus Teruna Jaya Situmorang', 37, 2),
(1241, 'K000295765', 'Trio Marihot Simamora', 37, 2),
(1242, 'K000295814', 'Pandapotan Sitompul', 37, 2),
(1243, 'K000295863', 'Charles Agustinus Manullang', 37, 2),
(1244, 'K000295897', 'Nicolas Oktavianus Barus', 37, 2),
(1245, 'K000295913', 'Elvida Elfenita Saragih', 37, 2),
(1246, 'K000295918', 'Bisara Simanjuntak', 37, 2),
(1247, 'K000335229', 'Armaya Sitepu', 37, 2),
(1248, 'K000368886', 'Tulus Duitro Sitohang', 37, 2),
(1249, 'K000207617', 'Harianto Tarigan', 38, 2),
(1250, 'K000207618', 'Ganti Mangapul Situmorang', 38, 2),
(1251, 'K000207619', 'Paten Albinus A Sembiring', 38, 2),
(1252, 'K000207620', 'Darma D Purba', 38, 2),
(1253, 'K000207622', 'Suparman Ginting', 38, 2),
(1254, 'K000207623', 'Surianto Surbakti', 38, 2),
(1255, 'K000207625', 'Order Artin Sembiring', 38, 2),
(1256, 'K000207626', 'Ngena Br Karo', 38, 2),
(1257, 'K000207627', 'Charles Pandiangan', 38, 2),
(1258, 'K000207628', 'Viktor Nazarius Pandiangan', 38, 2),
(1259, 'K000207630', 'Dekeng Sembiring', 38, 2),
(1260, 'K000207631', 'Ferdinan Manalu', 38, 2),
(1261, 'K000207634', 'Akta Donata Pandiangan', 38, 2),
(1262, 'K000207635', 'Martin Ginting', 38, 2),
(1263, 'K000207638', 'Edward Bakara', 38, 2),
(1264, 'K000207639', 'Edyanto Sinaga Mandalahi', 38, 2),
(1265, 'K000207640', 'Repelita Ginting', 38, 2),
(1266, 'K000207643', 'Eddy Surya Dharma Purba', 38, 2),
(1267, 'K000207644', 'Sartini Br Sitepu', 38, 2),
(1268, 'K000207645', 'Bezison Warasi', 38, 2),
(1269, 'K000207647', 'Eben Ezer Tinambunan', 38, 2),
(1270, 'K000207648', 'Teodorus Pandiangan', 38, 2),
(1271, 'K000340166', 'Pedoman Ginting', 38, 2),
(1272, 'K000340246', 'Muksin Sitepu', 38, 2),
(1273, 'K000340249', 'Jondri Sinaga Mandali', 38, 2),
(1274, 'K000340252', 'Berencana Pelawi', 38, 2),
(1275, 'K000340257', 'Pintaria Sembiring', 38, 2),
(1276, 'K000340261', 'Feradiana Marni Br Tarigan', 38, 2),
(1277, 'K000340269', 'Orion Jonson Marbun', 38, 2),
(1278, 'K000340281', 'Irwanto Sitepu', 38, 2),
(1279, 'K000340324', 'Ady Ginting', 38, 2),
(1280, 'K000340343', 'Moses D Ketaren', 38, 2),
(1281, 'K000340345', 'Pelawi Sembiring', 38, 2),
(1282, 'K000340388', 'Jusni Br Tarigan', 38, 2),
(1283, 'K000340432', 'Pariang Simanjuntak', 38, 2),
(1284, 'K000370494', 'Kawas Robinson Tarigan', 38, 2),
(1285, 'K000397175', 'Septinus Ketaren', 38, 2),
(1286, 'K000238093', 'Yansuriadi Sihotang', 39, 2),
(1287, 'K000254013', 'Dahlan Tibortius Silaban', 39, 2),
(1288, 'K000254032', 'Parlin Pintu Batu', 39, 2),
(1289, 'K000254073', 'Timen Arianto Pandiangan', 39, 2),
(1290, 'K000331009', 'Sisim Dorigo Ginting', 39, 2),
(1291, 'K000331012', 'Cekai Sembiring', 39, 2),
(1292, 'K000331014', 'L. Rita Br Sitepu', 39, 2),
(1293, 'K000331015', 'Rustiani Barasa', 39, 2),
(1294, 'K000331033', 'Ronda Silalahi', 39, 2),
(1295, 'K000331036', 'Hilmar Samosir', 39, 2),
(1296, 'K000331134', 'Neken Purba', 39, 2),
(1297, 'K000331136', 'Linda Sinamjuntak ', 39, 2),
(1298, 'K000331149', 'Eddy Tampubolon', 39, 2),
(1299, 'K000331151', 'Junner Damanik', 39, 2),
(1300, 'K000331154', 'Ojak Jeremias Damanik', 39, 2),
(1301, 'K000331157', 'Hendri Anto Manik', 39, 2),
(1302, 'K000331159', 'Parulian Paulus Sagala', 39, 2),
(1303, 'K000331209', 'Benedigtus Sidabutar', 39, 2),
(1304, 'K000331222', 'Nurhayati Sitorus', 39, 2),
(1305, 'K000331226', 'Hendra Saut Sihaloho', 39, 2),
(1306, 'K000331247', 'Ramos Halomoan Sihaloho', 39, 2),
(1307, 'K000331252', 'Cuncun Benhard J. Simanjuntak', 39, 2),
(1308, 'K000331255', 'Sampe Malem Br Sebayang', 39, 2),
(1309, 'K000331299', 'Laidin Sinaga', 39, 2),
(1310, 'K000331307', 'Edi Syahputra Ginting', 39, 2),
(1311, 'K000331313', 'B Edison Z  Naibaho', 39, 2),
(1312, 'K000331316', 'Rosma Sianturi ', 39, 2),
(1313, 'K000335339', 'dr Montesqieu Silalahi', 39, 2),
(1314, 'K000335350', 'Bue Parulian Simanjuntak', 39, 2),
(1315, 'K000339093', 'Kasiman Kasianus Sinaga', 39, 2),
(1316, 'K000341561', 'Kristian Stevanus Ginting', 39, 2),
(1317, 'K000341575', 'Radison Petrus Situngkir', 39, 2),
(1318, 'K000422670', 'Hotma Tua Sihombing', 39, 2),
(1319, 'K000334487', 'Djaga Depari', 40, 3),
(1320, 'K000334521', 'Anceria Tumanggor', 40, 3),
(1321, 'K000334525', 'Agustinus Sinulingga', 40, 3),
(1322, 'K000339506', 'Ferdinand Pelawi', 40, 3),
(1323, 'K000339518', 'Dedy Swandy Sinaga', 40, 3),
(1324, 'K000339891', 'Susanta Br Sembiring', 40, 3),
(1325, 'K000340104', 'Ersan Ginting', 40, 3),
(1326, 'K000340127', 'Arli Br Ginting', 40, 3),
(1327, 'K000340128', 'Hemri Ginting', 40, 3),
(1328, 'K000340139', 'Bismar Sembiring', 40, 3),
(1329, 'K000340144', 'Hermanto Bangun', 40, 3),
(1330, 'K000340147', 'Ondo Radius Prawiro Simbolon', 40, 3),
(1331, 'K000340152', 'Daniel Ginting', 40, 3),
(1332, 'K000340157', 'Piter Tarigan', 40, 3),
(1333, 'K000340167', 'Sukatno Sembiring', 40, 3),
(1334, 'K000340171', 'Jainur Sinaga', 40, 3),
(1335, 'K000340173', 'Benteng Sinulingga', 40, 3),
(1336, 'K000340823', 'Maya Sari Br Tarigan', 40, 3),
(1337, 'K000341812', 'Mardion Surbakti', 40, 3),
(1338, 'K000341954', 'Karma Ketaren', 40, 3),
(1339, 'K000351659', 'Lusianus Sitepu', 40, 3),
(1340, 'K000352914', 'Sapta Momo Ginting', 40, 3),
(1341, 'K000356323', 'Sahlan Tarigan', 40, 3),
(1342, 'K000339017', 'A Haryo Wicaksono', 41, 3),
(1343, 'K000339018', 'Rudolf Kennorton Raymundus Datubara', 41, 3),
(1344, 'K000339029', 'Sahala Tua Turnip', 41, 3),
(1345, 'K000339035', 'Ifa Maylia Bangun', 41, 3),
(1346, 'K000339048', 'Ir. Bambang P. Harahap', 41, 3),
(1347, 'K000339049', 'Johanes Nahum Manogi', 41, 3),
(1348, 'K000339094', 'Rotben Sihaloho', 41, 3),
(1349, 'K000339095', 'Hadi Reymon Ginting, SE', 41, 3),
(1350, 'K000339104', 'Intan Sondang Simanjuntak', 41, 3),
(1351, 'K000339119', 'Benar Sitepu', 41, 3),
(1352, 'K000339142', 'John Edward Hall', 41, 3),
(1353, 'K000339176', 'Vincentius Pardomuan Sihotang', 41, 3),
(1354, 'K000339182', 'Stefanus Ginting', 41, 3),
(1355, 'K000339184', 'Florida Br Ginting', 41, 3),
(1356, 'K000339191', 'Filemon Tarigan', 41, 3),
(1357, 'K000361642', 'Ronistra Ginting', 41, 3),
(1358, 'K000367840', 'Yulius Tri Wiharmoko', 41, 3),
(1359, 'K000207680', 'Kastim Ginting', 42, 3),
(1360, 'K000207681', 'Aspen Daniel Situmorang', 42, 3),
(1361, 'K000207682', 'Benediktus Simamora', 42, 3),
(1362, 'K000207683', 'Rosalina', 42, 3),
(1363, 'K000207684', 'Sonita Br. Sembiring', 42, 3),
(1364, 'K000207685', 'Drs. Setia Ginting', 42, 3),
(1365, 'K000207686', 'Robert Everson Sianturi', 42, 3),
(1366, 'K000207687', 'Jisman Nainggolan', 42, 3),
(1367, 'K000207688', 'Tasius Buaton', 42, 3),
(1368, 'K000207689', 'Kenangen Ginting', 42, 3),
(1369, 'K000207690', 'Resep Senator Sembiring', 42, 3),
(1370, 'K000207691', 'Jogya Ginting', 42, 3),
(1371, 'K000207692', 'Sentosa Barus', 42, 3),
(1372, 'K000207693', 'Gidion Barus', 42, 3),
(1373, 'K000207695', 'Model Ginting', 42, 3),
(1374, 'K000207696', 'Dinasty Tarugan', 42, 3),
(1375, 'K000207697', 'Alemina Anorea Br. Bangun', 42, 3),
(1376, 'K000207698', 'Daniel Supraptono Simamora', 42, 3),
(1377, 'K000207699', 'IR. Jawaller Matanari', 42, 3),
(1378, 'K000207700', 'Maralim Sagala', 42, 3),
(1379, 'K000207701', 'Maiden Pangaribun', 42, 3),
(1380, 'K000207702', 'Belohmin Br. Ginting', 42, 3),
(1381, 'K000207703', 'Gembira Perangin-angin', 42, 3),
(1382, 'K000207704', 'Aprianto Tarigan', 42, 3),
(1383, 'K000207705', 'Srihati Ningsih Br. Sembiring', 42, 3),
(1384, 'K000207706', 'Gindu Nainggolan', 42, 3),
(1385, 'K000207707', 'Norsiana Kristina Br. Ginting', 42, 3),
(1386, 'K000298881', 'Candra Natalius Perangi-angin', 42, 3),
(1387, 'K000298918', 'Dies Wiro Tarigan', 42, 3),
(1388, 'K000298976', 'Tepat Pinem', 42, 3),
(1389, 'K000299047', 'Dani Br Tarigan', 42, 3),
(1390, 'K000306245', 'Elvina Monika Ginting', 42, 3),
(1391, 'K000306261', 'Jakarianto Kaban', 42, 3),
(1392, 'K000340932', 'Sita Sahani Br Tarigan', 42, 3),
(1393, 'K000409735', 'Lesmi Naibaho', 42, 3),
(1394, 'K000418360', 'Boni Frans Dwi Putra', 42, 3),
(1395, 'K000501529', 'Jepta Siregar', 42, 3),
(1396, 'K000273477', 'Benres Tarigan', 43, 3),
(1397, 'K000335630', 'Ratna Br Sembiring', 43, 3),
(1398, 'K000335634', 'DK Surbakti', 43, 3),
(1399, 'K000335641', 'Nasti Ginting', 43, 3),
(1400, 'K000335645', 'Cipta Tarigan', 43, 3),
(1401, 'K000335683', 'Nelwan Bonafasius Sembiring', 43, 3),
(1402, 'K000335699', 'Ngikut Stefanus Sitepu', 43, 3),
(1403, 'K000335706', 'Julkarnian Sebayang', 43, 3),
(1404, 'K000335711', 'Arapen Sembiring', 43, 3),
(1405, 'K000335721', 'Hotman Apollinaris Siregar, SP', 43, 3),
(1406, 'K000335735', 'Sabar Tarigan', 43, 3),
(1407, 'K000335741', 'Ersada Br Tarigan', 43, 3),
(1408, 'K000335742', 'Adat Ginting', 43, 3),
(1409, 'K000335746', 'Albertus Sembiring', 43, 3),
(1410, 'K000335747', 'Patiresia Reniati Br Kaban', 43, 3),
(1411, 'K000335751', 'Amos Susilawan Sitepu', 43, 3),
(1412, 'K000335754', 'Adison Gurning', 43, 3),
(1413, 'K000335775', 'Jonner Joniapoh Damanik', 43, 3),
(1414, 'K000335786', 'Ariston Tarigan', 43, 3),
(1415, 'K000335827', 'Nikmat S. Meliala', 43, 3),
(1416, 'K000335830', 'Abdi Perangin-angin', 43, 3),
(1417, 'K000335835', 'Petrus Pintareh Tarigan', 43, 3),
(1418, 'K000335840', 'Beni Sinulingga', 43, 3),
(1419, 'K000335845', 'Rezekinta Bangun', 43, 3),
(1420, 'K000335848', 'Sadaarih Barus', 43, 3),
(1421, 'K000335851', 'Andy Lias Pasca Sembiring', 43, 3),
(1422, 'K000335852', 'Darmawan Lingga', 43, 3),
(1423, 'K000335854', 'Riaty Sinaga', 43, 3),
(1424, 'K000335856', 'Agus Pranata Ginting', 43, 3),
(1425, 'K000335857', 'Pedoman', 43, 3),
(1426, 'K000335901', 'Sefta Adrianus Tarigan', 43, 3),
(1427, 'K000336198', 'Darmin Ginting', 43, 3),
(1428, 'K000336210', 'Rio Jordan', 43, 3),
(1429, 'K000336218', 'Krisman Daut Perangin-angin, SH', 43, 3),
(1430, 'K000339174', 'Andi Roy Putra Sitepu', 43, 3),
(1431, 'K000339190', 'Jhon Ibnus Sinarta', 43, 3),
(1432, 'K000339196', 'Sinarta', 43, 3),
(1433, 'K000352910', 'Leo Bastanta Ginting', 43, 3),
(1434, 'K000357360', 'Firdaus Perangin-angin', 43, 3),
(1435, 'K000409745', 'Safril Ginting', 43, 3),
(1436, 'K000485239', 'Suci Andanda Wiwin Situmorang', 43, 3),
(1437, 'K000072387', 'Dermawan Teofilus Sinuraya', 44, 3),
(1438, 'K000207713', 'Koriman Sitanggang', 44, 3),
(1439, 'K000335911', 'Adi Putra Sembiring', 44, 3),
(1440, 'K000335924', 'Samsir Barus', 44, 3),
(1441, 'K000335945', 'Jhon Feri Pinem', 44, 3),
(1442, 'K000335951', 'Andrias Sitepu', 44, 3),
(1443, 'K000335963', 'Sanuddin Pinem', 44, 3),
(1444, 'K000335976', 'Batu Tarigan', 44, 3),
(1445, 'K000335991', 'Berdikari Sembiring', 44, 3),
(1446, 'K000336035', 'Karmatua Nainggolan', 44, 3),
(1447, 'K000336050', 'Setiawan Ginting', 44, 3),
(1448, 'K000336065', 'Gibson Simangunsong', 44, 3),
(1449, 'K000336083', 'Arianna P', 44, 3),
(1450, 'K000336095', 'Simon Sembiring', 44, 3),
(1451, 'K000336098', 'Santa Br Karo', 44, 3),
(1452, 'K000336103', 'Martinus Ginting', 44, 3),
(1453, 'K000336110', 'Jahini Remigius Sihaloho, Drs', 44, 3),
(1454, 'K000336117', 'Erwin Sembiring', 44, 3),
(1455, 'K000336121', 'Agustinus Gurusinga', 44, 3),
(1456, 'K000336166', 'Gembira Tarigan, Drs', 44, 3),
(1457, 'K000336172', 'Kasim Sembiring', 44, 3),
(1458, 'K000336174', 'Deo Datus Damenta Kaban', 44, 3),
(1459, 'K000336180', 'Joni Walter Ginting', 44, 3),
(1460, 'K000336184', 'Marselinus Nailiu', 44, 3),
(1461, 'K000336191', 'Sudirman Purba', 44, 3),
(1462, 'K000336212', 'Edi Susanto', 44, 3),
(1463, 'K000336220', 'Dat Kita Gurusinga', 44, 3),
(1464, 'K000336223', 'Ferry Endicha Sembiring', 44, 3),
(1465, 'K000336224', 'Perengki Sitepu', 44, 3),
(1466, 'K000336225', 'Seketaris Tarigan', 44, 3),
(1467, 'K000336289', 'Anastanius Bassanio Saragih', 44, 3),
(1468, 'K000336299', 'Parlindungan Simbolon', 44, 3),
(1469, 'K000336700', 'Bonifasius Sembiring', 44, 3),
(1470, 'K000336893', 'Firma Karo Sekali', 44, 3),
(1471, 'K000336899', 'Baharun Siregar', 44, 3),
(1472, 'K000356916', 'Tampil Purba', 44, 3),
(1473, 'K000371084', 'Fransiskus Henri Simbolon', 44, 3),
(1474, 'K000445265', 'Tigor Ganda Hutagalung', 44, 3),
(1475, 'K000334579', 'Adiguna Singarimbun', 45, 3),
(1476, 'K000334584', 'Tarsim Ginting', 45, 3),
(1477, 'K000334632', 'Martinus Haloho', 45, 3),
(1478, 'K000334648', 'Nurmawati', 45, 3),
(1479, 'K000334655', 'DRS. Pinem Perangin-Angin', 45, 3),
(1480, 'K000334658', 'Leonardo Hamonangan Girsang', 45, 3),
(1481, 'K000334706', 'Marsal Tarigan', 45, 3),
(1482, 'K000334729', 'Antoni Syahputra G.S', 45, 3),
(1483, 'K000334733', 'Jimmy Alfrian Tarigan', 45, 3),
(1484, 'K000334789', 'Roni Sibarani', 45, 3),
(1485, 'K000334797', 'Darma br Sembiring', 45, 3),
(1486, 'K000334799', 'Samudra Tarigan', 45, 3),
(1487, 'K000334809', 'Suriani Br Ginting', 45, 3),
(1488, 'K000334813', 'Agus Tulus Situmeang', 45, 3),
(1489, 'K000334884', 'Reinhard Bonatua Sianipar', 45, 3),
(1490, 'K000334900', 'Sastra Bangun', 45, 3),
(1491, 'K000334908', 'Yan Ferry Santos Ginting', 45, 3),
(1492, 'K000334926', 'Ruben Ginting', 45, 3),
(1493, 'K000334932', 'Dasarta Pasu Ginting', 45, 3),
(1494, 'K000334942', 'Fernando Tarigan', 45, 3),
(1495, 'K000334947', 'Benyamin Bangun', 45, 3),
(1496, 'K000335009', 'Simon Karo-Karo', 45, 3),
(1497, 'K000335019', 'Firdaus Paulus Purba', 45, 3),
(1498, 'K000335022', 'Eddy Tarigan', 45, 3),
(1499, 'K000335027', 'Peringetten Tarigan', 45, 3),
(1500, 'K000335032', 'Junawan Arapenta Situmeang', 45, 3),
(1501, 'K000335037', 'Rido Juan Charlos', 45, 3),
(1502, 'K000335091', 'Benny Surbakti', 45, 3),
(1503, 'K000338382', 'Roman Jusup Ginting', 45, 3),
(1504, 'K000338391', 'Mariani Tarigan', 45, 3),
(1505, 'K000339796', 'Drs. Kompani Sembiring', 45, 3),
(1506, 'K000341583', 'Firman Sembiring', 45, 3),
(1507, 'K000397172', 'Jeki Arianto Purba', 45, 3),
(1508, 'K000397181', 'Andri Loviga Sembiring', 45, 3),
(1509, 'K000414824', 'Warni Br Tarigan', 45, 3),
(1510, 'K000252423', 'Restawati Br. Ginting', 46, 3),
(1511, 'K000254593', 'Waspada Pelawi', 46, 3),
(1512, 'K000254633', 'Susanto Tarigan', 46, 3),
(1513, 'K000254650', 'Sada Arih Tarigan', 46, 3),
(1514, 'K000254656', 'Albert Arie Surbakti', 46, 3),
(1515, 'K000254883', 'Andreas Meliala', 46, 3),
(1516, 'K000254896', 'Dariana Br. Sembiring', 46, 3),
(1517, 'K000254900', 'Dolat Sitepu', 46, 3),
(1518, 'K000254917', 'Hendra Irawan Purba', 46, 3),
(1519, 'K000254940', 'Immanuel Pinem', 46, 3),
(1520, 'K000254953', 'Liasta Kacaribu', 46, 3),
(1521, 'K000254974', 'Martin Tarigan', 46, 3),
(1522, 'K000254988', 'Mena Sembiring', 46, 3),
(1523, 'K000254992', 'MM Luter Bangun', 46, 3),
(1524, 'K000255082', 'Polma Dionisius Sinaga', 46, 3),
(1525, 'K000255090', 'Rasmita Br. Tarigan', 46, 3),
(1526, 'K000255423', 'Penggurun Ginting', 46, 3),
(1527, 'K000255480', 'Arihta Br. Perangin-angin', 46, 3),
(1528, 'K000255496', 'Alwin Sembiring', 46, 3),
(1529, 'K000255553', 'Herawati Br. Ginting', 46, 3),
(1530, 'K000255627', 'Justinus Bangun', 46, 3),
(1531, 'K000255655', 'Masana Karo-Karo', 46, 3),
(1532, 'K000255675', 'Dastanta Barus', 46, 3),
(1533, 'K000310717', 'Rela Ginting', 46, 3),
(1534, 'K000310772', 'Heriwanto Sembiring', 46, 3),
(1535, 'K000310858', 'Harmoni Sembiring', 46, 3),
(1536, 'K000326310', 'Arris Christie Sitepu', 46, 3),
(1537, 'K000326357', 'Clinton Ginting', 46, 3),
(1538, 'K000326366', 'Winnar Tarigan', 46, 3),
(1539, 'K000334243', 'Bahagia Sembiring', 46, 3),
(1540, 'K000335626', 'Rolim Br. Kaban', 46, 3),
(1541, 'K000335633', 'Maslina br Karo, SE', 46, 3),
(1542, 'K000351145', 'Hartati AD', 46, 3),
(1543, 'K000366142', 'Ros Elpida  Barus', 46, 3),
(1544, 'K000371510', 'Nasrejeki Manalu', 46, 3),
(1545, 'K000393161', 'Rosmita Br Ginnting', 46, 3),
(1546, 'K000450818', 'Mburak Ginting', 46, 3),
(1547, 'K000334578', 'Ralen Sembiring', 47, 3),
(1548, 'K000334581', 'Timur Sebayang', 47, 3),
(1549, 'K000334583', 'Adrianus Sebayang', 47, 3),
(1550, 'K000334585', 'Novrijaya Tarigan', 47, 3),
(1551, 'K000334615', 'Danial Sembiring', 47, 3),
(1552, 'K000334644', 'Paten Br Sembiring', 47, 3),
(1553, 'K000334649', 'Ngaleh Br Ginting', 47, 3),
(1554, 'K000334686', 'Adikin Tarigan', 47, 3),
(1555, 'K000334694', 'Seniwati Br Ginting', 47, 3),
(1556, 'K000334695', 'Palarita Kabeakan', 47, 3),
(1557, 'K000334703', 'Magdalena Br Sembiring', 47, 3),
(1558, 'K000334707', 'Laswan Sitepu', 47, 3),
(1559, 'K000334714', 'Hemat Adisaputrra Ginting', 47, 3),
(1560, 'K000334716', 'Henri Ginting', 47, 3),
(1561, 'K000334723', 'Mbuah Surbakti', 47, 3),
(1562, 'K000334727', 'Victor Sembiring', 47, 3),
(1563, 'K000334734', 'Eriawandy Sembiring', 47, 3),
(1564, 'K000334736', 'Tani Sinulingga', 47, 3),
(1565, 'K000334783', 'Johannes Tarigan', 47, 3),
(1566, 'K000470272', 'Super Bastanta Surbakti', 47, 3),
(1567, 'K000250596', 'Salvinus Kemit', 48, 3),
(1568, 'K000335478', 'Rafael Barus', 48, 3),
(1569, 'K000335562', 'Martianna Br Haloho', 48, 3),
(1570, 'K000335573', 'Jaswan Sitepu', 48, 3),
(1571, 'K000335585', 'Amry J Situmeang', 48, 3),
(1572, 'K000335607', 'Sumarlin Ginting', 48, 3),
(1573, 'K000335615', 'Asril Tarigan', 48, 3),
(1574, 'K000335628', 'Semangat', 48, 3),
(1575, 'K000335631', 'Robby, A.Md', 48, 3),
(1576, 'K000335640', 'Rohayana Br Sembiring', 48, 3),
(1577, 'K000335644', 'Sempurna Ginting', 48, 3),
(1578, 'K000335680', 'Diaman Ginting', 48, 3),
(1579, 'K000335686', 'Nikson Sitindaon', 48, 3),
(1580, 'K000335697', 'Immanuel Carly Lumban Tobing', 48, 3),
(1581, 'K000335707', 'Jonatan Ginting', 48, 3),
(1582, 'K000335714', 'Endi Damenta', 48, 3),
(1583, 'K000337068', 'Anna br Tarigan', 48, 3),
(1584, 'K000337418', 'Josep Tarigan', 48, 3),
(1585, 'K000337421', 'Jona Iyana Frido Sitepu', 48, 3),
(1586, 'K000337625', 'Trista Ginting', 48, 3),
(1587, 'K000349013', 'Agus Binsar Limbong', 48, 3),
(1588, 'K000444498', 'Jepro Albinen Tamba', 48, 3),
(1589, 'K000470375', 'Jondra Marianus Sembiring', 48, 3),
(1590, 'K000485287', 'Sahril Joseta', 48, 3),
(1591, 'K000275016', 'Togap D Raja', 49, 3),
(1592, 'K000275033', 'Jhon Irwan Ginting', 49, 3),
(1593, 'K000275065', 'Masta Br Sembiring', 49, 3),
(1594, 'K000275163', 'Tomas Barus', 49, 3),
(1595, 'K000275210', 'Senti Br Tarigan', 49, 3),
(1596, 'K000275225', 'Satria Purnama Warman Bukit', 49, 3),
(1597, 'K000275275', 'Mahmud Sembiring', 49, 3),
(1598, 'K000275603', 'Nelson Kaban', 49, 3),
(1599, 'K000275664', 'Liberty Tarigan', 49, 3),
(1600, 'K000275701', 'Rejeki Br Singarimbun', 49, 3),
(1601, 'K000275720', 'Musim Tarigan', 49, 3),
(1602, 'K000275736', 'Fernando Pelawi', 49, 3),
(1603, 'K000275744', 'Ernawati Br Bangun', 49, 3),
(1604, 'K000275761', 'Binara Ginting', 49, 3),
(1605, 'K000275781', 'Edian Nov Putra Sembiring', 49, 3),
(1606, 'K000275898', 'Hendra Perangin-angin', 49, 3),
(1607, 'K000275915', 'Heppy Boys Silalahi', 49, 3),
(1608, 'K000275942', 'Muliyadi Sura Ukur', 49, 3),
(1609, 'K000275967', 'Damri Antonius Sihite', 49, 3),
(1610, 'K000276611', 'Depta Sembiring', 49, 3),
(1611, 'K000276627', 'Setiana Br Tarigan', 49, 3),
(1612, 'K000276650', 'Lyonst Sitepu', 49, 3),
(1613, 'K000276676', 'Julfiter Ginting', 49, 3),
(1614, 'K000276701', 'Muba Simanihuruk', 49, 3),
(1615, 'K000276725', 'Jaliston Saragih', 49, 3),
(1616, 'K000276757', 'Abadi Pertrus', 49, 3),
(1617, 'K000276803', 'Baik Ginting', 49, 3),
(1618, 'K000319413', 'Sugiman Sihotang', 49, 3),
(1619, 'K000319437', 'Ingindu Tarigan', 49, 3),
(1620, 'K000341995', 'Janes Saroha Sihotang', 49, 3),
(1621, 'K000341998', 'Tenang Ginting', 49, 3),
(1622, 'K000256126', 'Raja Oloan F. Sembiring', 50, 3),
(1623, 'K000256206', 'Jabat Br. Purba', 50, 3),
(1624, 'K000256213', 'Sangabta Bangun', 50, 3),
(1625, 'K000256235', 'Johan Ginting', 50, 3),
(1626, 'K000256244', 'Jonson Tarigan', 50, 3),
(1627, 'K000256270', 'Arifin Surbakti', 50, 3),
(1628, 'K000256288', 'Peta Bangun', 50, 3),
(1629, 'K000256341', 'Julianus Pinem', 50, 3),
(1630, 'K000256527', 'Ferynta Ginting', 50, 3),
(1631, 'K000256549', 'Natab Br. Surbakti', 50, 3),
(1632, 'K000256577', 'Perhatian Ginting', 50, 3),
(1633, 'K000256609', 'Saten Br. Ginting ', 50, 3),
(1634, 'K000256624', 'Pateriot', 50, 3),
(1635, 'K000256648', 'Jonson Ariston Ginting', 50, 3),
(1636, 'K000256668', 'Ingeten Surbakti', 50, 3),
(1637, 'K000256793', 'Daud Perangin-angin', 50, 3),
(1638, 'K000256811', 'Benyamin Tarigan', 50, 3),
(1639, 'K000256918', 'Normal Ginting', 50, 3),
(1640, 'K000256942', 'Ferry Anton Ginting', 50, 3),
(1641, 'K000257149', 'Iriani Rahayu Wati Ginting', 50, 3),
(1642, 'K000257155', 'Jefri A. S.', 50, 3),
(1643, 'K000257165', 'Seroja Sembiring', 50, 3),
(1644, 'K000257197', 'Aldius Ginting', 50, 3),
(1645, 'K000257213', 'Wardana Sembiring', 50, 3),
(1646, 'K000257227', 'Sejahtera Alexsander Surbakti', 50, 3),
(1647, 'K000257248', 'Misi Christina Ginting', 50, 3),
(1648, 'K000257266', 'Sutomo Tarigan', 50, 3),
(1649, 'K000257295', 'Sehat Sembiring', 50, 3),
(1650, 'K000257315', 'Rasita Emiliana Br. Pinem ', 50, 3),
(1651, 'K000257380', 'Mutiara Br. Ginting', 50, 3),
(1652, 'K000395881', 'Jimmi Irwanto Perangin-angin', 50, 3),
(1653, 'K000207708', 'Jhon Kalvin Tarigan', 51, 3),
(1654, 'K000213088', 'Bonivasius Tinambunan', 51, 3),
(1655, 'K000249600', 'Jupen Manik', 51, 3),
(1656, 'K000278849', 'Terbeluh Ginting', 51, 3),
(1657, 'K000278888', 'Jainap Br Barus ', 51, 3),
(1658, 'K000278918', 'Junaidi Ginting', 51, 3),
(1659, 'K000278947', 'Emanuel Sitepu', 51, 3),
(1660, 'K000279028', 'Bahtiar Barus', 51, 3),
(1661, 'K000279568', 'Tunggul Haro Rajagukguk', 51, 3),
(1662, 'K000279610', 'Pasti Ginting', 51, 3),
(1663, 'K000279629', 'Feri Sandra Berutu', 51, 3),
(1664, 'K000279653', 'Esra Sembiring', 51, 3),
(1665, 'K000279709', 'Sapta Pranata Ginting', 51, 3),
(1666, 'K000279753', 'Juliana Meliana Br Tarigan', 51, 3),
(1667, 'K000280873', 'Suranta Tarigan', 51, 3),
(1668, 'K000280895', 'Asdi Paska Sembiring', 51, 3),
(1669, 'K000280924', 'David Sembiring', 51, 3),
(1670, 'K000280981', 'Leo Erikson Sitepu', 51, 3),
(1671, 'K000282374', 'Parsis Johanis Tarigan', 51, 3),
(1672, 'K000282398', 'Peterus Daimura Silalahi', 51, 3),
(1673, 'K000282437', 'Angga Aditya', 51, 3),
(1674, 'K000282542', 'Biston Sitorus', 51, 3),
(1675, 'K000282578', 'Ernawaty Depari', 51, 3),
(1676, 'K000283630', 'Suranta Kaban', 51, 3),
(1677, 'K000283721', 'Yahya Bukit', 51, 3),
(1678, 'K000334468', 'Hotman Ginting Manik', 51, 3),
(1679, 'K000334563', 'Evalita Sembiring', 51, 3),
(1680, 'K000335447', 'Jurista Ginting', 51, 3),
(1681, 'K000335471', 'Jarakin Sembiring', 51, 3),
(1682, 'K000421884', 'Erikson Pelawi', 51, 3),
(1683, 'K000435918', 'Binter Manurung', 51, 3),
(1684, 'K000455496', 'Amar Rudin Ginting', 51, 3),
(1685, 'K000500732', 'Ludik Sitorus', 51, 3),
(1686, 'K000274938', 'WANTON PARLINDUNGAN', 52, 3),
(1687, 'K000325987', 'Usaha Tarigan', 52, 3),
(1688, 'K000329472', 'Bronson Ginting', 52, 3),
(1689, 'K000330392', 'Klementius Silalahi Pintu Batu', 52, 3),
(1690, 'K000335727', 'Bobby Sanggari Tarigan', 52, 3),
(1691, 'K000335738', 'Deking Perangin-angin', 52, 3),
(1692, 'K000335743', 'Juniorta Purba, S.Hut', 52, 3),
(1693, 'K000335749', 'Aris Ginting', 52, 3),
(1694, 'K000335816', 'Julius Tarigan, Drs', 52, 3),
(1695, 'K000335831', 'Dasar Singarimbun', 52, 3),
(1696, 'K000335839', 'Saut Pandapotan Pintu Batu', 52, 3),
(1697, 'K000335853', 'Serasi Sembiring, SH', 52, 3),
(1698, 'K000335905', 'Ngirai Tarigan', 52, 3),
(1699, 'K000335913', 'Feberwati Br Barus', 52, 3),
(1700, 'K000335929', 'Martin Kaban', 52, 3),
(1701, 'K000335948', 'Ir. Kurnia Dipa Tarigan', 52, 3),
(1702, 'K000335957', 'Fabian Depari, S.Si', 52, 3),
(1703, 'K000335970', 'Kresna Bastanta Michael Ginting', 52, 3),
(1704, 'K000337127', 'Petrus Fransisco Sipangkar', 52, 3),
(1705, 'K000337132', 'Delon Karo-karo', 52, 3),
(1706, 'K000337142', 'Demensah Ginting', 52, 3),
(1707, 'K000337145', 'Daud Malemta Perangin angin', 52, 3),
(1708, 'K000337148', 'Robert Sipangkar', 52, 3),
(1709, 'K000337155', 'Marisi Barus', 52, 3),
(1710, 'K000337157', 'Arifin Pinem', 52, 3),
(1711, 'K000338046', 'Rahmat Edysaputra Perangin-Angin', 52, 3),
(1712, 'K000338051', 'Margareta Lola Karo Karo', 52, 3),
(1713, 'K000339470', 'Timoteus Mahardika Putra Tarigan', 52, 3),
(1714, 'K000339472', 'Alex Guido Sinurat', 52, 3),
(1715, 'K000339480', 'Katarina Br Sembiring', 52, 3),
(1716, 'K000341700', 'Fandy Arenda Tarigan', 52, 3),
(1717, 'K000341703', 'Amir Tarigan', 52, 3),
(1718, 'K000351667', 'Eddy Ridwan Ginting', 52, 3),
(1719, 'K000444510', 'Basaku Sitepu', 52, 3),
(1720, 'K000456980', 'Yan Riswanta Bangun', 52, 3),
(1721, 'K000500716', 'Yogi Pramana Tarigan', 52, 3),
(1722, 'K000500726', 'Mitra Anda Dicky Ginting', 52, 3),
(1723, 'K000503317', 'Andry Manurung', 52, 3),
(1724, 'K000507312', 'Welinton Sitepu', 52, 3),
(1725, 'K000507332', 'Anse Marselinus Ginting', 52, 3),
(1726, 'K000507334', 'Darius Ginting Suka', 52, 3),
(1727, 'K000334923', 'Freddy Karyawan Kaban', 53, 3),
(1728, 'K000334928', 'Ali Kardo Kaban, Ir', 53, 3),
(1729, 'K000334936', 'Hermanus Ginting', 53, 3),
(1730, 'K000334991', 'Pasti Br Sembiring', 53, 3),
(1731, 'K000335002', 'Ir, Naik Depari', 53, 3),
(1732, 'K000335007', 'Ferdinan Sbastian Perangin-angin', 53, 3),
(1733, 'K000335010', 'Karel Johnson Sitorus', 53, 3),
(1734, 'K000335024', 'Imanuel Martua Agung Sihotang', 53, 3),
(1735, 'K000335026', 'Daniel Sinukaban', 53, 3),
(1736, 'K000335029', 'Leonardus Sitinjak', 53, 3),
(1737, 'K000335035', 'Drs. Bangkit Keliat, BSc', 53, 3),
(1738, 'K000335096', 'Benar Bancin', 53, 3),
(1739, 'K000335107', 'J. Subrata Munthe', 53, 3),
(1740, 'K000335114', 'Sonny Aliston Sibagariang', 53, 3),
(1741, 'K000335124', 'Ir. Dame Ukur', 53, 3),
(1742, 'K000335133', 'Gembira Ginting', 53, 3),
(1743, 'K000335143', 'Zakarias Situmorang', 53, 3),
(1744, 'K000335160', 'Very Hardana Sembiring', 53, 3),
(1745, 'K000335213', 'Waslin Sibagariang', 53, 3),
(1746, 'K000335221', 'Charles Fresnel Sagala', 53, 3),
(1747, 'K000335226', 'Rohana M Situmorang', 53, 3),
(1748, 'K000339841', 'Gabriel Jasona Sidauruk', 53, 3),
(1749, 'K000341821', 'Herman Baeha', 53, 3),
(1750, 'K000341825', 'Robert Anri Ym Sinaga', 53, 3),
(1751, 'K000379035', 'Zem Pardomuan Purba', 53, 3),
(1752, 'K000395899', 'Arnoldus Mual Roito Sidauruk', 53, 3),
(1753, 'K000442020', 'Ferdinando Motuho Baeha', 53, 3),
(1754, 'K000475561', 'Cokki Asi Parlindungan Simanihuluh', 53, 3),
(1755, 'K000490396', 'Pirtogu Swarnajaya Situmorang', 53, 3),
(1756, 'K000504905', 'Wirian Sembiring', 53, 3),
(1757, 'K000335099', 'Ronny Michael P. Sembiring', 54, 3),
(1758, 'K000335112', 'Ponis Sitepu', 54, 3),
(1759, 'K000335128', 'Franata Sitepu', 54, 3),
(1760, 'K000335215', 'Pardamean Sagala', 54, 3),
(1761, 'K000335239', 'Darwin Ferdinan Nainggolan', 54, 3),
(1762, 'K000335247', 'Alexander Harnoldius Ginting', 54, 3),
(1763, 'K000335353', 'Kosmas Pasaribu', 54, 3),
(1764, 'K000335373', 'Bengta Tarigan', 54, 3),
(1765, 'K000335380', 'Mentan Ginting', 54, 3),
(1766, 'K000335396', 'Agustinus Hartono', 54, 3),
(1767, 'K000335457', 'Edi Pirana Ketaren', 54, 3),
(1768, 'K000335462', 'Saut Berutu', 54, 3),
(1769, 'K000335605', 'Darwin Damianus Tarigan', 54, 3),
(1770, 'K000335611', 'Dedeng Indra Jaya', 54, 3),
(1771, 'K000335617', 'Dakosta Tumanggor', 54, 3),
(1772, 'K000356643', 'Geloria Ginting', 54, 3),
(1773, 'K000357409', 'dr. Adrian Bakti Sitepu', 54, 3),
(1774, 'K000357410', 'Romy Franata Surbakti', 54, 3),
(1775, 'K000357411', 'Mawati Debataraja', 54, 3),
(1776, 'K000357413', 'Kristopor Parmonangan Samosir', 54, 3),
(1777, 'K000357416', 'Nomen Kaban', 54, 3),
(1778, 'K000357422', 'Bahtra Jaya Putra Kaban', 54, 3),
(1779, 'K000357607', 'Erick Rahmat Situmorang', 54, 3),
(1780, 'K000369481', 'Andi Wanto Nainggolan', 54, 3),
(1781, 'K000369488', 'Ikuten Tarigan', 54, 3),
(1782, 'K000369528', 'Apolo Sebayang', 54, 3),
(1783, 'K000369529', 'Lian Erikson Purba', 54, 3),
(1784, 'K000379028', 'Karlo Martua Hamonangan Malau', 54, 3),
(1785, 'K000386989', 'Piah Malem Br Ginting', 54, 3),
(1786, 'K000207710', 'Samura Sinulingga', 55, 3),
(1787, 'K000207711', 'Terkabul Sinibulan', 55, 3),
(1788, 'K000207712', 'Tanta Maranatha Ginting', 55, 3),
(1789, 'K000207714', 'Jonesta Sembiring', 55, 3),
(1790, 'K000207716', 'Ridwan Sembiring', 55, 3),
(1791, 'K000207717', 'Dameandus Ginting', 55, 3),
(1792, 'K000207719', 'Sir Jhon Katikana Gintng', 55, 3),
(1793, 'K000207720', 'Junias Sitepu', 55, 3),
(1794, 'K000207722', 'Runtung Pelawi', 55, 3),
(1795, 'K000207723', 'Franky S Sitanggang', 55, 3),
(1796, 'K000207724', 'Edi Julius Sembiring', 55, 3),
(1797, 'K000207725', 'Derlius Manik', 55, 3),
(1798, 'K000325687', 'Sorong Mustajap Ginting', 55, 3),
(1799, 'K000335927', 'Rinjani Wirawan Elias Tarigan', 55, 3),
(1800, 'K000335931', 'Sir Jhon Katikana, SE', 55, 3),
(1801, 'K000335962', 'Estepanus Sembiring', 55, 3),
(1802, 'K000335969', 'Tanta Maranatha Ginting Suka', 55, 3),
(1803, 'K000335986', 'Darta Sembiring', 55, 3),
(1804, 'K000335993', 'Elison Tarigan', 55, 3),
(1805, 'K000336039', 'Polinus Tarigan', 55, 3),
(1806, 'K000336062', 'Makmur Jaya Ginting', 55, 3),
(1807, 'K000336070', 'Andreas Ginting', 55, 3),
(1808, 'K000336075', 'Agus Krispianus Bangun', 55, 3),
(1809, 'K000336089', 'Ula Lupa Sinuraya', 55, 3),
(1810, 'K000336105', 'Alexander Purba', 55, 3),
(1811, 'K000336116', 'Abdi Karya Purba', 55, 3),
(1812, 'K000336190', 'Dermawan Ginting', 55, 3),
(1813, 'K000336199', 'Daud Sitepu', 55, 3),
(1814, 'K000336215', 'Bertinus Martinus Ginting', 55, 3),
(1815, 'K000336703', 'Agus Bangun', 55, 3),
(1816, 'K000351420', 'Johanis Purba', 55, 3),
(1817, 'K000351434', 'Yosua Tarigan', 55, 3),
(1818, 'K000477633', 'Remigius Sitepu, SP', 55, 3),
(1819, 'K000504510', 'Oktavianus Sebayang', 55, 3),
(1820, 'K000507311', 'Ramento Sembiring', 55, 3),
(1821, 'K000207776', 'Alexander Ginting', 56, 3),
(1822, 'K000252774', 'Adrian Tarigan', 56, 3),
(1823, 'K000252816', 'Astra Tarigan', 56, 3),
(1824, 'K000252885', 'Antonius Sitepu', 56, 3),
(1825, 'K000253221', 'Elbinego Simanjutak', 56, 3),
(1826, 'K000253237', 'Wilson Purba', 56, 3),
(1827, 'K000253255', 'Erivontius Depari', 56, 3),
(1828, 'K000253268', 'Elyas Ginting', 56, 3),
(1829, 'K000253281', 'Ferdinan Barus', 56, 3),
(1830, 'K000253292', 'Irwanta Sitepu', 56, 3),
(1831, 'K000253299', 'Jhon Warrant Chisthoper', 56, 3),
(1832, 'K000253397', 'Kriston Gurning', 56, 3),
(1833, 'K000253407', 'Kardiaman Simarmata', 56, 3),
(1834, 'K000253416', 'Matius GInting', 56, 3),
(1835, 'K000253425', 'Petrus Mamantha Meliala', 56, 3),
(1836, 'K000253439', 'Samuel Sarindo Ginting', 56, 3),
(1837, 'K000253449', 'Togar Halomoan Hamonangan Gultom', 56, 3),
(1838, 'K000253469', 'Mulia Marselinus Sembiring', 56, 3),
(1839, 'K000253816', 'Hermalina Br. Karo', 56, 3),
(1840, 'K000253833', 'Johanta Pinem', 56, 3),
(1841, 'K000253859', 'Andico Sihaloho', 56, 3),
(1842, 'K000253887', 'Raskita Lukas Purba', 56, 3),
(1843, 'K000336705', 'Sastraria Pinem', 56, 3),
(1844, 'K000336707', 'Norma Br Purba', 56, 3),
(1845, 'K000336708', 'Doharmen Simbolon', 56, 3),
(1846, 'K000336751', 'Drs. Jadinta S Depari', 56, 3),
(1847, 'K000358008', 'Lusin PR', 56, 3),
(1848, 'K000207731', 'Perananta Bangun', 57, 3),
(1849, 'K000304341', 'Pergunan', 57, 3),
(1850, 'K000304440', 'Ferly Andinata Bangun', 57, 3),
(1851, 'K000304479', 'Stefanus Deras', 57, 3),
(1852, 'K000304594', 'Atur Manulang', 57, 3),
(1853, 'K000304662', 'Beslin Barto Banjarnahor', 57, 3),
(1854, 'K000304728', 'Robeni Barus', 57, 3),
(1855, 'K000304781', 'Adrian Pramasta', 57, 3),
(1856, 'K000305769', 'Beri Pana Sitepu', 57, 3),
(1857, 'K000305810', 'Kasta br. Perangin-Angin', 57, 3),
(1858, 'K000305825', 'Redemtus Karo-Karo', 57, 3),
(1859, 'K000306422', 'Petrus Sembiring', 57, 3),
(1860, 'K000306582', 'Nikmat Simanjorang', 57, 3),
(1861, 'K000306784', 'Aman Perangin-Angin, DRS', 57, 3),
(1862, 'K000306812', 'Wardani Karo Sekali', 57, 3),
(1863, 'K000307322', 'Rony Purba', 57, 3),
(1864, 'K000307414', 'Elisman Sembiring', 57, 3),
(1865, 'K000307453', 'Samion Tarigan', 57, 3),
(1866, 'K000307499', 'Warna Sembiring', 57, 3),
(1867, 'K000307554', 'Doanta Sitepu', 57, 3),
(1868, 'K000307570', 'Martinus Ginting', 57, 3),
(1869, 'K000307592', 'Edison Ginting', 57, 3),
(1870, 'K000308023', 'Armen Bangun', 57, 3),
(1871, 'K000308077', 'Daud Bangun', 57, 3),
(1872, 'K000308187', 'Leo Marianus Tarigan', 57, 3),
(1873, 'K000330345', 'Drs. Bagem Kaban', 57, 3),
(1874, 'K000330801', 'Jekia Barus', 57, 3),
(1875, 'K000331667', 'Agen Ginting', 57, 3),
(1876, 'K000334454', 'Andre Firdaus K Purba', 57, 3),
(1877, 'K000334459', 'Jefri Tarigan', 57, 3),
(1878, 'K000352761', 'Johny Kembaren', 57, 3),
(1879, 'K000352765', 'Aturen Tarigan', 57, 3),
(1880, 'K000352855', 'Leonard Sihotang', 57, 3),
(1881, 'K000352867', 'Abdi Ginting', 57, 3),
(1882, 'K000352884', 'Pedoman Ginting', 57, 3),
(1883, 'K000419173', 'Gregorius Alexander Greene', 57, 3),
(1884, 'K000422116', 'Josep Ginting', 57, 3),
(1885, 'K000314450', 'Saut Togi Parningotan Naibaho', 58, 4),
(1886, 'K000314451', 'Dody Roseveld Manurung', 58, 4),
(1887, 'K000314920', 'Lamhot Hendra Xaverius, Amd.', 58, 4),
(1888, 'K000315275', 'Hariantha Immanuel Sembiring', 58, 4),
(1889, 'K000315284', 'Marisi Cristina Siahaan', 58, 4),
(1890, 'K000316329', 'Rosdiana Panggabean', 58, 4),
(1891, 'K000316334', 'Yohanes', 58, 4),
(1892, 'K000316348', 'A. Ester Santhenemal', 58, 4),
(1893, 'K000316634', 'Eden Natanael Sembiring', 58, 4),
(1894, 'K000316678', 'Magdalena', 58, 4),
(1895, 'K000316697', 'Satiman Ginting', 58, 4),
(1896, 'K000316806', 'Maruhum Siagian', 58, 4),
(1897, 'K000317851', 'Surya Haris Ginting', 58, 4),
(1898, 'K000317990', 'Sihar Hasudungan Panjaitan', 58, 4),
(1899, 'K000318000', 'Suheiry Br. Pinem', 58, 4),
(1900, 'K000318134', 'Boby Andreas Deodatus Purba', 58, 4),
(1901, 'K000318147', 'Dedi Sudarmono Sinaga', 58, 4),
(1902, 'K000318265', 'Budi Sitepu, SH', 58, 4),
(1903, 'K000318812', 'Martiwan Sitanggang', 58, 4),
(1904, 'K000318908', 'Darson Manalu', 58, 4),
(1905, 'K000320742', 'Aditia Oktavianus Sitepu, ST.', 58, 4),
(1906, 'K000320875', 'Wiradinata Tarigan', 58, 4),
(1907, 'K000321522', 'Shirley Maureen', 58, 4),
(1908, 'K000321539', 'Paulus Adil Karo-Karo', 58, 4),
(1909, 'K000322284', 'Rolan Fransius Sirait', 58, 4),
(1910, 'K000322430', 'Peksi Tarigan', 58, 4),
(1911, 'K000322728', 'Juharto Darius Sembiring', 58, 4),
(1912, 'K000322759', 'Victor Kacaribu', 58, 4),
(1913, 'K000323373', 'Edi Syahputra Paskalis Sitepu', 58, 4),
(1914, 'K000323533', 'Andi Antorio Ginting', 58, 4),
(1915, 'K000325770', 'Agnes Ina Nusa', 58, 4),
(1916, 'K000336341', 'Baskami Br Ginting SPd', 58, 4),
(1917, 'K000336344', 'Feramina', 58, 4),
(1918, 'K000336345', 'Ivo Imanta Ginting', 58, 4),
(1919, 'K000336387', 'Enina Susanna Ginting, SE', 58, 4),
(1920, 'K000336394', 'Falentino', 58, 4),
(1921, 'K000336401', 'Naundar Sitompul', 58, 4),
(1922, 'K000336414', 'Suratno', 58, 4),
(1923, 'K000351328', 'Geloryos Surbakti', 58, 4),
(1924, 'K000356995', 'Romanus Sembiring', 58, 4),
(1925, 'K000394685', 'Alex Berando H. Panjaitan', 58, 4),
(1926, 'K000395831', 'Ignasius Christian Binsar Sitanggang', 58, 4),
(1927, 'K000399545', 'Surya Baskita Tarigan', 58, 4),
(1928, 'K000419177', 'Octavianus Ginting', 58, 4),
(1929, 'K000429713', 'Dirmanto Sipangkar', 58, 4),
(1930, 'K000485183', 'Rafael Tomy Pelix Hutabarat', 58, 4),
(1931, 'K000489247', 'Yoslin Jun Fasten', 58, 4),
(1932, 'K000207443', 'Martiven Sitanggang', 59, 4),
(1933, 'K000207444', 'Lasdur Situmorang', 59, 4),
(1934, 'K000207445', 'Romwel Andreanus Junaidi Samosir', 59, 4),
(1935, 'K000207446', 'Jonas Ginting', 59, 4),
(1936, 'K000207448', 'Benar Benediktus Sinuraya', 59, 4),
(1937, 'K000207449', 'Sarabuktina Br. Sinulingga', 59, 4),
(1938, 'K000207451', 'Berman Raja Erik Purba', 59, 4),
(1939, 'K000207452', 'Rosa Delima Norma Purba', 59, 4),
(1940, 'K000207453', 'Alfonsus Romi Ginting', 59, 4),
(1941, 'K000207454', 'Ignatius Lapang Sembiring', 59, 4),
(1942, 'K000207455', 'P. Paulina Sitepu', 59, 4),
(1943, 'K000207457', 'Sedar Br. Ginting', 59, 4),
(1944, 'K000207458', 'Misron Sembiring', 59, 4),
(1945, 'K000207460', 'Herman Tarigan', 59, 4),
(1946, 'K000207461', 'Samuel Sembiring', 59, 4),
(1947, 'K000207462', 'Drh Bonaventura Tarigan', 59, 4),
(1948, 'K000207463', 'Sampe Tua Sembiring', 59, 4),
(1949, 'K000207475', 'Alexander Sahta Sembiring', 59, 4),
(1950, 'K000313166', 'Yohanes Rizki Sinuraya', 59, 4),
(1951, 'K000314230', 'Agustinus Tarigan', 59, 4),
(1952, 'K000314325', 'Parlindungan Depari', 59, 4),
(1953, 'K000336418', 'Saonah Br Karo', 59, 4),
(1954, 'K000339858', 'Partogi Andika Pandiangan', 59, 4),
(1955, 'K000340528', 'Ernest Sembiring', 59, 4),
(1956, 'K000351778', 'Vinsensius Giovanni K Sitepu', 59, 4),
(1957, 'K000485262', 'Aronta Tarigan', 59, 4),
(1958, 'K000249804', 'Ronald Hasudungan Simarmata', 60, 4),
(1959, 'K000250102', 'Emmy Yustina Surbakti', 60, 4),
(1960, 'K000250122', 'Torotodo Telaumbanua', 60, 4),
(1961, 'K000250623', 'Rosmawaty Br. Pinem', 60, 4),
(1962, 'K000252856', 'Sekula Ginting', 60, 4),
(1963, 'K000253432', 'Reza Alfredo Ginting', 60, 4),
(1964, 'K000267362', 'Juliana Br Pasaribu', 60, 4),
(1965, 'K000267440', 'Jamaleka Tarigan', 60, 4),
(1966, 'K000267532', 'Zulkarnain Tarigan', 60, 4),
(1967, 'K000267586', 'Asianna Sinulingga', 60, 4),
(1968, 'K000267594', 'Indera Salim', 60, 4),
(1969, 'K000267635', 'Suwardi Laimena', 60, 4),
(1970, 'K000330259', 'Mario Jenever', 60, 4),
(1971, 'K000330261', 'Abil Sembiring', 60, 4),
(1972, 'K000330262', 'Ronny Ajartha', 60, 4),
(1973, 'K000330301', 'Agustinus Brandan Pinem', 60, 4),
(1974, 'K000336981', 'Perwira Ginting', 60, 4),
(1975, 'K000351756', 'Serser Br Pinem', 60, 4),
(1976, 'K000356938', 'Arus Malem Br Bangun', 60, 4),
(1977, 'K000356981', 'Gembira Tarigan', 60, 4),
(1978, 'K000356988', 'Rosman Br Sembiring Meliala', 60, 4),
(1979, 'K000374397', 'Dasar Perangin-angin', 60, 4),
(1980, 'K000389409', 'Harryson Bangun', 60, 4),
(1981, 'K000389925', 'Tampil Surbakti', 60, 4),
(1982, 'K000389928', 'Agustin Eliasta Ginting', 60, 4),
(1983, 'K000397185', 'Amry Tarigan', 60, 4),
(1984, 'K000407242', 'Mansur Ginting', 60, 4),
(1985, 'K000458481', 'Rio Stefanus Ginting', 60, 4),
(1986, 'K000511666', 'Basmi Sembiring', 60, 4),
(1987, 'K000513271', 'Seni Juniati Br Sinuraya', 60, 4),
(1988, 'K000207464', 'Tenang Martina Br. Ginting', 61, 4),
(1989, 'K000207465', 'Tambar Malem Bangun', 61, 4),
(1990, 'K000207466', 'Remigo Yolando Berutu', 61, 4),
(1991, 'K000207467', 'Samuel Surbakti', 61, 4),
(1992, 'K000207468', 'Andi Hendra Surbakti', 61, 4),
(1993, 'K000207469', 'Pamah Sembiring', 61, 4),
(1994, 'K000207470', 'Peringetten Br Singarimbun', 61, 4),
(1995, 'K000207471', 'Binarta Brahmana', 61, 4),
(1996, 'K000207472', 'Joseph Ginting S', 61, 4),
(1997, 'K000207473', 'Heriyanto Ginting', 61, 4),
(1998, 'K000207474', 'Desta Sinuraya', 61, 4),
(1999, 'K000207476', 'Selamat', 61, 4),
(2000, 'K000207477', 'M Rosanna Purba', 61, 4),
(2001, 'K000207478', 'Zakaria Perangin-angin', 61, 4),
(2002, 'K000207479', 'Heri Prada Sinuraya', 61, 4),
(2003, 'K000207480', 'Rosdiana Benarda Br. Tarigan', 61, 4),
(2004, 'K000207481', 'Jendariah Br. Sitepu', 61, 4),
(2005, 'K000207482', 'Andika Togan Raya Karo-Karo, ST', 61, 4),
(2006, 'K000207483', 'Effendi Ginting', 61, 4),
(2007, 'K000333435', 'Benny Leonard Panggabean', 61, 4),
(2008, 'K000336428', 'Paskah Pius Ginting', 61, 4),
(2009, 'K000336548', 'John Alberth Suweny', 61, 4),
(2010, 'K000336586', 'Sabarina Br Brahmana', 61, 4),
(2011, 'K000340537', 'Jendariah Br Sitepu', 61, 4),
(2012, 'K000340549', 'Frianta Felix Ginting', 61, 4),
(2013, 'K000406695', 'Ralim Ginting', 61, 4),
(2014, 'K000470660', 'HIKLER SINAGA', 61, 4),
(2015, 'K000325776', 'Amandus Sembiring', 62, 4),
(2016, 'K000329052', 'Toni Gaster Tindaon', 62, 4),
(2017, 'K000329064', 'Fernando Bangun', 62, 4),
(2018, 'K000329135', 'Diana br Barus', 62, 4),
(2019, 'K000329139', 'Sahnawari Tarigan', 62, 4),
(2020, 'K000329160', 'Reken Br Tarigan', 62, 4),
(2021, 'K000329161', 'Bergiat Br Surbakti', 62, 4),
(2022, 'K000329219', 'Ina Sari br Bangun', 62, 4),
(2023, 'K000329226', 'Junaedi Bangun', 62, 4),
(2024, 'K000329234', 'Cristophorus Ruslan Barus', 62, 4),
(2025, 'K000329331', 'Felix Selamat Ginting', 62, 4),
(2026, 'K000329394', 'Lijon Tarigan', 62, 4),
(2027, 'K000329415', 'Reniata Br Tarigan', 62, 4),
(2028, 'K000329416', 'Jenda Sembiring', 62, 4),
(2029, 'K000330255', 'Robinson Sinaga', 62, 4),
(2030, 'K000336889', 'Nurita Tamba', 62, 4),
(2031, 'K000388818', 'Tumpak Simalango', 62, 4),
(2032, 'K000388897', 'Donly Meiro Purba', 62, 4),
(2033, 'K000388904', 'Ellysa Glorya Br Girsang', 62, 4),
(2034, 'K000388908', 'Rezeki Ade Putra', 62, 4),
(2035, 'K000388912', 'Jones Bangun', 62, 4),
(2036, 'K000390519', 'T Simalanggo', 62, 4),
(2037, 'K000391122', 'Layas Sinulingga', 62, 4),
(2038, 'K000402144', 'Binsar Siahaan', 62, 4),
(2039, 'K000330938', 'Ramang Tarigan', 63, 4),
(2040, 'K000331008', 'Bukti Sembiring', 63, 4),
(2041, 'K000331017', 'Gevany Widedi S. Meliala', 63, 4),
(2042, 'K000331020', 'Monang Tarigan', 63, 4),
(2043, 'K000331031', 'Kosmas Tarigan', 63, 4),
(2044, 'K000331132', 'Ukurta Br. Ginting', 63, 4),
(2045, 'K000331135', 'Susan Sri Rezeky br Ginting', 63, 4),
(2046, 'K000331137', 'Sades Prima Salvinus Tarigan', 63, 4),
(2047, 'K000331140', 'Darmina br Tarigan', 63, 4),
(2048, 'K000331142', 'H. Benny Hutauruk', 63, 4),
(2049, 'K000331150', 'Darta Karo Sekali', 63, 4),
(2050, 'K000331153', 'Kasiman Mateus Simbolon', 63, 4),
(2051, 'K000331156', 'Petrus Barus', 63, 4),
(2052, 'K000335388', 'Elijanna Afna Br. Sembiring', 63, 4),
(2053, 'K000335391', 'Christina Br. Hombing', 63, 4),
(2054, 'K000335400', 'Sadakata S Drs', 63, 4),
(2055, 'K000349316', 'Naib Prisno Teopelius', 63, 4),
(2056, 'K000351687', 'Dedi Risfa Tarigan', 63, 4),
(2057, 'K000399578', 'Roy Primsa Ginting', 63, 4),
(2058, 'K000267723', 'Wilson Jarudin Simbolon', 64, 5),
(2059, 'K000268141', 'Muda Purba', 64, 5),
(2060, 'K000268237', 'Adel Simanjuntak', 64, 5),
(2061, 'K000268355', 'Dra. Ahnesia Br Ginting', 64, 5),
(2062, 'K000268371', 'Rinaldi Kaban', 64, 5);
INSERT INTO `umat` (`id_umat`, `no_kk`, `nama_kepala_kk`, `id_lingkungan`, `id_stasi`) VALUES
(2063, 'K000268494', 'Manganar Batubara', 64, 5),
(2064, 'K000268538', 'Boni Albertus Aritonang', 64, 5),
(2065, 'K000268570', 'Rosda Manalu', 64, 5),
(2066, 'K000268611', 'Hendrikus Harvey Gaho', 64, 5),
(2067, 'K000268667', 'Sampang Perangin-angin', 64, 5),
(2068, 'K000268701', 'Genep Br Sitepu', 64, 5),
(2069, 'K000268723', 'Sirka Aris Kaban', 64, 5),
(2070, 'K000269124', 'Rudy Antonius Napitupulu', 64, 5),
(2071, 'K000269281', 'Durman Situmorang', 64, 5),
(2072, 'K000269319', 'Elisama Zebua', 64, 5),
(2073, 'K000269372', 'Cyrus P. Sinaga', 64, 5),
(2074, 'K000269430', 'Firminus B. H. Sitanggang, SH', 64, 5),
(2075, 'K000269468', 'Rudi Sitorus', 64, 5),
(2076, 'K000269517', 'Saman Sirait', 64, 5),
(2077, 'K000269553', 'Florentina Sianipar', 64, 5),
(2078, 'K000269584', 'Oskar Situmorang', 64, 5),
(2079, 'K000269617', 'Sahat M. Nainggolan', 64, 5),
(2080, 'K000269648', 'Manaek Manurung', 64, 5),
(2081, 'K000269980', 'Mastiram Ginting', 64, 5),
(2082, 'K000270068', 'Stepanus Purba', 64, 5),
(2083, 'K000270137', 'Sanggup Kaban', 64, 5),
(2084, 'K000270184', 'Elisabeth Br Sipayung', 64, 5),
(2085, 'K000270197', 'Appollo Simbolon, S.Si', 64, 5),
(2086, 'K000275220', 'Damianus Elekia Samosir', 64, 5),
(2087, 'K000275290', 'Parlaungan Simarmata', 64, 5),
(2088, 'K000332377', 'Ratna Irmina br Ginting', 64, 5),
(2089, 'K000332379', 'Immanuel Andreas Sihotang', 64, 5),
(2090, 'K000334350', 'Jontaber Hutahaean', 64, 5),
(2091, 'K000340405', 'Samuel Sinulingga', 64, 5),
(2092, 'K000341551', 'Setia Sinulingga', 64, 5),
(2093, 'K000354348', 'Jisman D Sihaloho', 64, 5),
(2094, 'K000354429', 'Abil Ginting', 64, 5),
(2095, 'K000356663', 'Erwin Ariston Barus', 64, 5),
(2096, 'K000378765', 'Marcellinus Munthe', 64, 5),
(2097, 'K000420214', 'Rimson Angelius Sianipar', 64, 5),
(2098, 'K000453793', 'Simon Petrus Sinabariba', 64, 5),
(2099, 'K000454033', 'Rais Martinus Kaban', 64, 5),
(2100, 'K000454096', 'Ramhot Marbun', 64, 5),
(2101, 'K000068248', 'Epharaem Sijabat', 65, 5),
(2102, 'K000316690', 'Jekson Simanjorang', 65, 5),
(2103, 'K000316701', 'Leo Roki Situmorang', 65, 5),
(2104, 'K000316888', 'Maxi Milian Dolok Saribu', 65, 5),
(2105, 'K000316889', 'Vinensia Dakhi', 65, 5),
(2106, 'K000316890', 'Sugianta Ovinus Ginting', 65, 5),
(2107, 'K000317086', 'Agnes Rumapea', 65, 5),
(2108, 'K000317101', 'Inganna Ginting', 65, 5),
(2109, 'K000317108', 'Apen Simbolon', 65, 5),
(2110, 'K000317544', 'Frans Den ny Manurung', 65, 5),
(2111, 'K000317623', 'Risma Sihombing', 65, 5),
(2112, 'K000317627', 'Intan Purba', 65, 5),
(2113, 'K000317636', 'Abdi Ranta Surbakti', 65, 5),
(2114, 'K000317829', 'Honna Malau', 65, 5),
(2115, 'K000317885', 'Roster Simatupang', 65, 5),
(2116, 'K000317957', 'Ojak Y Sihotang', 65, 5),
(2117, 'K000317980', 'Lamindo Sibarani', 65, 5),
(2118, 'K000318351', 'Helena Sihombing', 65, 5),
(2119, 'K000333099', 'Indra Cristino Siringo-ringo', 65, 5),
(2120, 'K000336921', 'Troski Purba', 65, 5),
(2121, 'K000336924', 'Amirson Tarigan', 65, 5),
(2122, 'K000336930', 'Elmar Prima F Baeha', 65, 5),
(2123, 'K000336934', 'Mularia Sianturi', 65, 5),
(2124, 'K000336935', 'Saidin Lubis', 65, 5),
(2125, 'K000336936', 'Walter Nadeak', 65, 5),
(2126, 'K000336973', 'Anektus Bartholomeus Lbn Toruan', 65, 5),
(2127, 'K000370504', 'Johanna Tarigan', 65, 5),
(2128, 'K000370584', 'Donatus Dahang', 65, 5),
(2129, 'K000378683', 'Ridho Juli Saputra Simbolon', 65, 5),
(2130, 'K000485224', 'Asdana Tarigan', 65, 5),
(2131, 'K000270242', 'Rista R. Marbun', 66, 5),
(2132, 'K000270251', 'Tiolin Sihombing', 66, 5),
(2133, 'K000270255', 'Drs. Loren Pandiangan. M.Pd', 66, 5),
(2134, 'K000270487', 'Marta Lidya Lumban Tobing', 66, 5),
(2135, 'K000270505', 'Eprianes JP Panjaitan', 66, 5),
(2136, 'K000270536', 'Jabarangin Sihotang, S.Pd', 66, 5),
(2137, 'K000270635', 'Asal Salomon Pandia', 66, 5),
(2138, 'K000270639', 'Imelda Sinaga', 66, 5),
(2139, 'K000270641', 'Pardamean Silalahi', 66, 5),
(2140, 'K000270686', 'Nikco Santro Ginting', 66, 5),
(2141, 'K000270697', 'Kristina Lusiana Br Sianipar', 66, 5),
(2142, 'K000270758', 'Darlis Lores Siregar', 66, 5),
(2143, 'K000270915', 'Binsar Bernard Samosir', 66, 5),
(2144, 'K000271027', 'Efendi Sebayang', 66, 5),
(2145, 'K000271082', 'Idris Hardi Pinem', 66, 5),
(2146, 'K000271096', 'Johannes Sugiapranata', 66, 5),
(2147, 'K000271181', 'Josep Simamora', 66, 5),
(2148, 'K000271184', 'Manerep Purba', 66, 5),
(2149, 'K000271190', 'Mangasi Baktiar B. Manik', 66, 5),
(2150, 'K000271273', 'Martha Oberlan Ompusunggu', 66, 5),
(2151, 'K000271274', 'Pitua Siagian', 66, 5),
(2152, 'K000271275', 'Surung Hutabarat', 66, 5),
(2153, 'K000276705', 'Dahlia Ginting', 66, 5),
(2154, 'K000276722', 'Metti Br Tarigan', 66, 5),
(2155, 'K000276753', 'Andi Nelson Lumban gaol', 66, 5),
(2156, 'K000276809', 'Johanes Sijabat', 66, 5),
(2157, 'K000331864', 'Rosida Ginting', 66, 5),
(2158, 'K000334994', 'Bazatulo Harefa', 66, 5),
(2159, 'K000448886', 'Hotnida', 66, 5),
(2160, 'K000485201', 'Ferdinan Marpaung', 66, 5),
(2161, 'K000284725', 'Antonius Sitanggang', 67, 5),
(2162, 'K000284808', 'Bonar P. Simbolon', 67, 5),
(2163, 'K000284940', 'Besrin Benyamin Simanullang', 67, 5),
(2164, 'K000285029', 'Seni Kartini Ayu Sinuraya', 67, 5),
(2165, 'K000285085', 'Endra Endrico Tarigan', 67, 5),
(2166, 'K000285123', 'Fidelis Haposan Silalahi', 67, 5),
(2167, 'K000285238', 'Hendrawan Pandiangan', 67, 5),
(2168, 'K000285258', 'Kasden Walman Simarmata', 67, 5),
(2169, 'K000285286', 'Lian Panggabean', 67, 5),
(2170, 'K000285322', 'Luat P. Samosir', 67, 5),
(2171, 'K000286345', 'Marulak Haloman Simamora', 67, 5),
(2172, 'K000286468', 'Paulus Felix B. Rumapea', 67, 5),
(2173, 'K000286540', 'Paulinus Manullang', 67, 5),
(2174, 'K000286598', 'Marison H. A. Damanik', 67, 5),
(2175, 'K000286712', 'Simon Sagala', 67, 5),
(2176, 'K000286723', 'Robin Hudson Sitanggang', 67, 5),
(2177, 'K000286779', 'Sinar Marojahan Sitinjak', 67, 5),
(2178, 'K000286802', 'Solo Parluhutan Tambun', 67, 5),
(2179, 'K000286840', 'Wibawa Ginting', 67, 5),
(2180, 'K000286869', 'Gembira Marbun', 67, 5),
(2181, 'K000290437', 'P Junianson Hasiholan', 67, 5),
(2182, 'K000340137', 'Rindu Sitohang', 67, 5),
(2183, 'K000341022', 'Pirman Barus', 67, 5),
(2184, 'K000341024', 'Andy Sabda M Karo-karo', 67, 5),
(2185, 'K000429080', 'Leo Fernando Sitanggang', 67, 5),
(2186, 'K000485273', 'Kevin Sebastianus P Pakpahan', 67, 5),
(2187, 'K000485278', 'Peri Periyanto Sinaga', 67, 5),
(2188, 'K000516413', 'Sopan Tindaon', 67, 5),
(2189, 'K000321523', 'Lamhot Sihotang', 68, 5),
(2190, 'K000321536', 'Marinson Sitohang', 68, 5),
(2191, 'K000321544', 'Christina Ginting', 68, 5),
(2192, 'K000321548', 'Samson Riko Gultom', 68, 5),
(2193, 'K000321692', 'Robinson Purba', 68, 5),
(2194, 'K000321777', 'Maniur Simbolon', 68, 5),
(2195, 'K000322190', 'Victor I M H Situmorang', 68, 5),
(2196, 'K000322243', 'Jamin Sinambela', 68, 5),
(2197, 'K000322419', 'Jhony Gultom', 68, 5),
(2198, 'K000322426', 'Imran Situmorang', 68, 5),
(2199, 'K000322587', 'Hendrikus Raja Mangandar Simamora', 68, 5),
(2200, 'K000322714', 'Samudra Pinem', 68, 5),
(2201, 'K000322752', 'Winner Sinurat', 68, 5),
(2202, 'K000323238', 'Selestinus Pane', 68, 5),
(2203, 'K000323329', 'Joniker Sinaga', 68, 5),
(2204, 'K000330511', 'Marihot Situmorang', 68, 5),
(2205, 'K000336327', 'Jimson Tamba, SH', 68, 5),
(2206, 'K000336637', 'Monang Situmeang, SH', 68, 5),
(2207, 'K000340180', 'Ramotan G Simanullang', 68, 5),
(2208, 'K000340183', 'Lasman Martunas S Tampubolon', 68, 5),
(2209, 'K000340186', 'Bonardo Hasitongan Siregar', 68, 5),
(2210, 'K000358776', 'Nomensen Purba, SE', 68, 5),
(2211, 'K000366620', 'Elysus Pius Maharaja', 68, 5),
(2212, 'K000371895', 'Fedro Manik', 68, 5),
(2213, 'K000506117', 'Frederik Young Sitohang', 68, 5),
(2214, 'K000304475', 'Eka Tamara Noverianus Simbolon', 69, 5),
(2215, 'K000304495', 'Buntu Edison Simamora, SE', 69, 5),
(2216, 'K000304582', 'Ir. Ruth Kristina Tarigan', 69, 5),
(2217, 'K000304731', 'Rafael Sitanggang', 69, 5),
(2218, 'K000305408', 'Panjaitan Simanihuruk, SH. MH', 69, 5),
(2219, 'K000305625', 'Diamar Sitinjak', 69, 5),
(2220, 'K000305750', 'Kennedy Rumahorbo', 69, 5),
(2221, 'K000305812', 'Fransiskus Simamora', 69, 5),
(2222, 'K000307163', 'Marnilam Barus', 69, 5),
(2223, 'K000307302', 'Simson Sihotang', 69, 5),
(2224, 'K000307368', 'Timbul Samosir', 69, 5),
(2225, 'K000307428', 'Poltak Simamora', 69, 5),
(2226, 'K000307456', 'Yohanes Duha', 69, 5),
(2227, 'K000307469', 'Rusliana', 69, 5),
(2228, 'K000307481', 'Budiman Marojahan Gurning', 69, 5),
(2229, 'K000307502', 'Sintaraja Simbolon', 69, 5),
(2230, 'K000307537', 'Basar Simanullang, IR', 69, 5),
(2231, 'K000307557', 'Jonson Simanjuntak', 69, 5),
(2232, 'K000331844', 'Inganta Singarimbun', 69, 5),
(2233, 'K000331855', 'Barun Situmorang', 69, 5),
(2234, 'K000339849', 'Ferry H Situmorang', 69, 5),
(2235, 'K000340129', 'Hotroha Simanjorang, SH', 69, 5),
(2236, 'K000207649', 'Morry Paulus Nainggolan', 70, 5),
(2237, 'K000207650', 'Jaya Prima Sitepu', 70, 5),
(2238, 'K000207651', 'Edward Franger Maharaja', 70, 5),
(2239, 'K000207652', 'Tonni Situmorang', 70, 5),
(2240, 'K000207653', 'Sarinah Br Ginting', 70, 5),
(2241, 'K000207654', 'Robert Paraga Ginting', 70, 5),
(2242, 'K000207655', 'Parlindungan Sagala', 70, 5),
(2243, 'K000207656', 'Andersius Ginting', 70, 5),
(2244, 'K000207657', 'Donsisko Peranginangin', 70, 5),
(2245, 'K000207658', 'Wilfrid Donatus Tampubolon', 70, 5),
(2246, 'K000207659', 'Susanto Sihombing', 70, 5),
(2247, 'K000207660', 'Dison Perangin-angin', 70, 5),
(2248, 'K000207661', 'Risma L Situmorang', 70, 5),
(2249, 'K000207662', 'Hizkia Tarigan', 70, 5),
(2250, 'K000207663', 'Mulatiar Gurning', 70, 5),
(2251, 'K000207664', 'Henry Luhut Pahala Hutapea', 70, 5),
(2252, 'K000207665', 'Rosbelan Naibaho', 70, 5),
(2253, 'K000207666', 'Grace Fransiska Siagian', 70, 5),
(2254, 'K000207667', 'Taksir Manaksir Purba', 70, 5),
(2255, 'K000207668', 'Ramson Sinaga', 70, 5),
(2256, 'K000207669', 'Malpiano Sembiring', 70, 5),
(2257, 'K000207670', 'Arbinus Tumanggor', 70, 5),
(2258, 'K000207671', 'Bintar Simbolon', 70, 5),
(2259, 'K000207672', 'Basita Ginting', 70, 5),
(2260, 'K000207673', 'Erlis Naibaho', 70, 5),
(2261, 'K000207674', 'Berman Bachtiar Pasaribu', 70, 5),
(2262, 'K000207677', 'Josep Prana Sinuraya', 70, 5),
(2263, 'K000207678', 'Mackler Simamora', 70, 5),
(2264, 'K000236695', 'ABDI PUTRA SITEPU', 70, 5),
(2265, 'K000313162', 'Joki Maruli Sitinjak', 70, 5),
(2266, 'K000314037', 'Paulus Karo Sekali', 70, 5),
(2267, 'K000314144', 'Tiara Gultom', 70, 5),
(2268, 'K000314152', 'Hotmaria Sinaga', 70, 5),
(2269, 'K000314158', 'Liston Sinurat', 70, 5),
(2270, 'K000336804', 'Roberto Bangun', 70, 5),
(2271, 'K000336999', 'Wahyudi Tarigan Girsang', 70, 5),
(2272, 'K000337070', 'Malpiano Sembiring', 70, 5),
(2273, 'K000359715', 'Epraim Sebayang', 70, 5),
(2274, 'K000372247', 'Wiliam H V Simbolon', 70, 5),
(2275, 'K000441493', 'Rosmaida Manurung', 70, 5),
(2276, 'K000474796', 'G Arifuddin Hutauruk', 70, 5),
(2277, 'K000279528', 'Halomoan Sitanggang', 71, 5),
(2278, 'K000279592', 'Damenus Damanik', 71, 5),
(2279, 'K000279624', 'Faus Tinus Bangun', 71, 5),
(2280, 'K000279711', 'Pahala Lambok L. Sianturi', 71, 5),
(2281, 'K000279741', 'Kamro Naibaho', 71, 5),
(2282, 'K000279902', 'Swandi P. Situmorang', 71, 5),
(2283, 'K000283610', 'Ricky Jopin Sembiring', 71, 5),
(2284, 'K000283637', 'Poltak Situmorang', 71, 5),
(2285, 'K000283668', 'Juliana Sipayung', 71, 5),
(2286, 'K000283680', 'Dapot Hamonangan Sijabat', 71, 5),
(2287, 'K000283688', 'Belioka Lumban Raja', 71, 5),
(2288, 'K000283736', 'Muddin Paulus Sijabat', 71, 5),
(2289, 'K000283773', 'Sondang Parsaoran Lingga', 71, 5),
(2290, 'K000283785', 'Vincentius Tuahta Sitepu', 71, 5),
(2291, 'K000283802', 'Raja Aek Rudi A. Sitio', 71, 5),
(2292, 'K000283959', 'Girang Bangun', 71, 5),
(2293, 'K000284029', 'Buha Thomas Gultom', 71, 5),
(2294, 'K000284134', 'Sontha Rumahorbo', 71, 5),
(2295, 'K000284169', 'Parlin Silalahi', 71, 5),
(2296, 'K000284197', 'Amat F. Malau', 71, 5),
(2297, 'K000330517', 'S. Cosmas Birman Bangun', 71, 5),
(2298, 'K000330586', 'Marakkup Nainggolan', 71, 5),
(2299, 'K000330592', 'Karna Pratama Adigama Bangun', 71, 5),
(2300, 'K000330602', 'Marolop Siregar', 71, 5),
(2301, 'K000336339', 'Jati Tambun Saribu', 71, 5),
(2302, 'K000409539', 'Ismail SImanullang', 71, 5),
(2303, 'K000445206', 'Jackson Gali Haloho', 71, 5),
(2304, 'K000469523', 'Rickhi Manahan S', 71, 5),
(2305, 'K000273152', 'Saur Martua Nainggolan', 72, 5),
(2306, 'K000273181', 'Jasa Gratianus P. Siboro', 72, 5),
(2307, 'K000273222', 'Ranto Raimundus Manik', 72, 5),
(2308, 'K000273261', 'John Kennedy Sinabutar', 72, 5),
(2309, 'K000273315', 'Eventius R. Sembiring', 72, 5),
(2310, 'K000273340', 'Posma R. Sihombing', 72, 5),
(2311, 'K000273367', 'Saur Panggabean Sinaga', 72, 5),
(2312, 'K000273438', 'Adum Pinem', 72, 5),
(2313, 'K000273464', 'Remigius Hotris Situmeang', 72, 5),
(2314, 'K000273517', 'Libert Rumahorbo', 72, 5),
(2315, 'K000273970', 'Bukit Manurung', 72, 5),
(2316, 'K000274006', 'David Andrianus Hutagalung', 72, 5),
(2317, 'K000274037', 'Marlinda Sihombing', 72, 5),
(2318, 'K000274096', 'Djalumbar Simanjorang', 72, 5),
(2319, 'K000274159', 'Henri Liman Pasaribu', 72, 5),
(2320, 'K000274263', 'Elsye Sidabolok', 72, 5),
(2321, 'K000274318', 'Edison Siagian', 72, 5),
(2322, 'K000274361', 'Lesmana Jaya Tarigan', 72, 5),
(2323, 'K000274387', 'Iswandy Panogari Sihite', 72, 5),
(2324, 'K000276626', 'Djahormat Lumbantoruan', 72, 5),
(2325, 'K000276641', 'Bernard Gel Gel Sembiring', 72, 5),
(2326, 'K000326130', 'Arjuna Tarigan', 72, 5),
(2327, 'K000331761', 'Antoni Ginting', 72, 5),
(2328, 'K000356330', 'Krisman Putra D Lumbantoruan', 72, 5),
(2329, 'K000356338', 'Naek Raja Mosses Siboro', 72, 5),
(2330, 'K000357881', 'January Sitohang', 72, 5),
(2331, 'K000399880', 'Walzhen Nainggolan', 72, 5),
(2332, 'K000286914', 'Hendri Rudi Sihaloho', 73, 5),
(2333, 'K000329925', 'Yustina Roida Siahaan', 73, 5),
(2334, 'K000330015', 'Dedy Fransiskus Sinaga', 73, 5),
(2335, 'K000330023', 'Apentirus Silalahi', 73, 5),
(2336, 'K000330032', 'Desrina Sihombing', 73, 5),
(2337, 'K000330035', 'Erika Sinaga', 73, 5),
(2338, 'K000330037', 'Diana Manullang', 73, 5),
(2339, 'K000334105', 'Darwin Suhendra Capah', 73, 5),
(2340, 'K000334110', 'IR. Rahim Sembiring', 73, 5),
(2341, 'K000334190', 'James Silitonga', 73, 5),
(2342, 'K000334793', 'Yohanis Donbosco Reyaan Hemas', 73, 5),
(2343, 'K000334800', 'Risman Sidauruk', 73, 5),
(2344, 'K000334804', 'Santoso Simbolon', 73, 5),
(2345, 'K000334806', 'Alfred Martinus Reyaan Hemas', 73, 5),
(2346, 'K000334810', 'Leonardus', 73, 5),
(2347, 'K000334873', 'Jadiman Situmorang, Drs', 73, 5),
(2348, 'K000334896', 'Dominicus Suherman Semba', 73, 5),
(2349, 'K000336769', 'Ali Munir Gultom', 73, 5),
(2350, 'K000336794', 'Sahudat Turnip', 73, 5),
(2351, 'K000336800', 'Rusma Agnes Sitinjak', 73, 5),
(2352, 'K000337680', 'Saut Mangasi Sinaga', 73, 5),
(2353, 'K000485298', 'Tagor Pilipus Turnip', 73, 5),
(2354, 'K000485302', 'Hisar Fransco Sidauruk', 73, 5),
(2355, 'K000485305', 'Paska Sinaga', 73, 5),
(2356, 'K000488756', 'Arbendo Sipayung', 73, 5),
(2357, 'K000287885', 'Djabidin Parhusip', 74, 5),
(2358, 'K000287902', 'Gordon Bernardus Parhusip', 74, 5),
(2359, 'K000287915', 'Keleria Sidauruk', 74, 5),
(2360, 'K000287935', 'Rolas Simbolon', 74, 5),
(2361, 'K000288048', 'Togar Naibaho', 74, 5),
(2362, 'K000288171', 'Yunan Purba', 74, 5),
(2363, 'K000288232', 'Gohizaro Tafonao', 74, 5),
(2364, 'K000288298', 'Sumbul Ginting', 74, 5),
(2365, 'K000288315', 'Edwart Sahat H. Sinulingga', 74, 5),
(2366, 'K000288813', 'Fransiskus B. Sidabutar', 74, 5),
(2367, 'K000288834', 'Hendra Sanjaya Manalu', 74, 5),
(2368, 'K000288868', 'Johanis Sebayang', 74, 5),
(2369, 'K000288892', 'Ferdinando K S', 74, 5),
(2370, 'K000288920', 'Jamaruli Aruan', 74, 5),
(2371, 'K000314216', 'Damianus Tarigan', 74, 5),
(2372, 'K000338408', 'Ipo Lubis', 74, 5),
(2373, 'K000338411', 'Tinus Gultom', 74, 5),
(2374, 'K000339298', 'Freddy Aritonang', 74, 5),
(2375, 'K000341279', 'Teranah Br Ginting', 74, 5),
(2376, 'K000341288', 'Efendi B Sinulingga', 74, 5),
(2377, 'K000341313', 'Basria Sinulingga', 74, 5),
(2378, 'K000485173', 'Ponco Toga Parhusip', 74, 5),
(2379, 'K000519525', 'Nimrot Nemesus Sibatuara', 74, 5),
(2380, 'K000276861', 'Orlenta P. Lubis', 75, 5),
(2381, 'K000276912', 'Antonius Lingga', 75, 5),
(2382, 'K000276958', 'Mario Ginting', 75, 5),
(2383, 'K000277014', 'Yanuarius Ndun', 75, 5),
(2384, 'K000277069', 'Edward Lamson J. Sinaga', 75, 5),
(2385, 'K000277093', 'Ropen Marsius Simarmata', 75, 5),
(2386, 'K000277546', 'Krismanus Simarmata', 75, 5),
(2387, 'K000277603', 'Josep N. Barus', 75, 5),
(2388, 'K000277632', 'Sabam Sarumpaet', 75, 5),
(2389, 'K000277675', 'Juara Kosmas Purba', 75, 5),
(2390, 'K000277702', 'Tohap Tamana Nainggolan', 75, 5),
(2391, 'K000277760', 'Minar Br Situmorang', 75, 5),
(2392, 'K000277821', 'Bernadette Mintana Br Sinaga', 75, 5),
(2393, 'K000277844', 'Tianur Siregar', 75, 5),
(2394, 'K000277877', 'Manasip Situngkir', 75, 5),
(2395, 'K000277918', 'Adi Alfonso Sembiring', 75, 5),
(2396, 'K000277973', 'R. Bernadette Sihombing', 75, 5),
(2397, 'K000278008', 'Nurmala T. Br Gultom', 75, 5),
(2398, 'K000278045', 'Florentina Sihombing', 75, 5),
(2399, 'K000278535', 'Manimbul H. Tarihoran', 75, 5),
(2400, 'K000278694', 'Gina Maria Silitonga', 75, 5),
(2401, 'K000278704', 'Benny Harto Sihombing', 75, 5),
(2402, 'K000278736', 'Risma H. Saragih', 75, 5),
(2403, 'K000278753', 'Likmin Hasiholan Sinaga', 75, 5),
(2404, 'K000278799', 'Mikael Oilakhomi Dachi', 75, 5),
(2405, 'K000278843', 'Leyder Malau', 75, 5),
(2406, 'K000278889', 'Salmon Pasaribu', 75, 5),
(2407, 'K000278948', 'Ida Wati Br. Pinem', 75, 5),
(2408, 'K000334138', 'Ricky Eko Yoshia Sibarani', 75, 5),
(2409, 'K000334206', 'Bastian Siringo-Ringo', 75, 5),
(2410, 'K000334212', 'Risman Sitepu', 75, 5),
(2411, 'K000334239', 'Rikardo Naibaho', 75, 5),
(2412, 'K000429064', 'Syukur. S.M.H', 75, 5),
(2413, 'K000455627', 'Kardiman Manik', 75, 5),
(2414, 'K000504486', 'Marchtina Ulina Tambunan', 75, 5),
(2415, 'K000507342', 'Fransakiskus A Lumban Gaol', 75, 5),
(2416, 'K000519779', 'Lintong Sinaga', 75, 5),
(2417, 'K000305707', 'Karolus Parningotan Simbolon', 76, 5),
(2418, 'K000314293', 'Jamarlin Siregar', 76, 5),
(2419, 'K000314296', 'Paskalis Manata Afrianto Hutajulu', 76, 5),
(2420, 'K000314303', 'Emmy Siregar', 76, 5),
(2421, 'K000314307', 'Marton Silalahi', 76, 5),
(2422, 'K000315042', 'Berlas Sianturi', 76, 5),
(2423, 'K000315066', 'Ratna K. Siahaan', 76, 5),
(2424, 'K000315110', 'Naudur Florentina Simalango', 76, 5),
(2425, 'K000315265', 'Jalohot Sitinjak', 76, 5),
(2426, 'K000315276', 'Agusta Sembiring Depari', 76, 5),
(2427, 'K000315752', 'Marnes Sirait', 76, 5),
(2428, 'K000315778', 'Anderias Ginting', 76, 5),
(2429, 'K000315942', 'Timbul Nadeak', 76, 5),
(2430, 'K000315970', 'Rohinsa Br Lumban Gaol', 76, 5),
(2431, 'K000315987', 'Anggiat Sinaga', 76, 5),
(2432, 'K000316088', 'Bonatua Purba', 76, 5),
(2433, 'K000316179', 'Rinhard Sitanggang', 76, 5),
(2434, 'K000316189', 'John Victorianus Simanungkalit ', 76, 5),
(2435, 'K000316327', 'Fosimeri Ariani Dachi', 76, 5),
(2436, 'K000316407', 'Hotmaria Limbong', 76, 5),
(2437, 'K000316569', 'Sahat Silalahi', 76, 5),
(2438, 'K000316588', 'Matias', 76, 5),
(2439, 'K000470321', 'Tiarmin Simarmata', 76, 5),
(2440, 'K000470330', 'Hotdiman Sitio', 76, 5),
(2441, 'K000323562', 'Eddy Johanes Bangun', 77, 5),
(2442, 'K000323570', 'Agustion Sitohang', 77, 5),
(2443, 'K000323624', 'Halima Herni br Silaban', 77, 5),
(2444, 'K000323656', 'Untungta Ginting', 77, 5),
(2445, 'K000323688', 'Waljon Situngkir', 77, 5),
(2446, 'K000323726', 'Erwin  Purba', 77, 5),
(2447, 'K000324206', 'Susiati', 77, 5),
(2448, 'K000324419', 'Imanuel Ginting', 77, 5),
(2449, 'K000324483', 'Dody Suheri Batubara', 77, 5),
(2450, 'K000324590', 'Askandar Hutagalung', 77, 5),
(2451, 'K000324636', 'Klemen Situmorang', 77, 5),
(2452, 'K000324779', 'Santon SM Siringoringo', 77, 5),
(2453, 'K000324964', 'Endrick Ranto Nababan', 77, 5),
(2454, 'K000324982', 'Tohap Sihombing', 77, 5),
(2455, 'K000325105', 'Tony Boys Hutabarat', 77, 5),
(2456, 'K000325305', 'Lontius Marbun', 77, 5),
(2457, 'K000325390', 'Newsoon Petrus Nainggolan', 77, 5),
(2458, 'K000325611', 'Djendalit Bangun', 77, 5),
(2459, 'K000325681', 'Estheria Ginting', 77, 5),
(2460, 'K000325756', 'Radot Panjaitan', 77, 5),
(2461, 'K000325772', 'Toga Chandrio Sidauruk', 77, 5),
(2462, 'K000330507', 'Benhur Samosir', 77, 5),
(2463, 'K000332784', 'Leonardo Nadeak', 77, 5),
(2464, 'K000354318', 'Marius Hutagalung', 77, 5),
(2465, 'K000469515', 'Sampe Tua S', 77, 5),
(2466, 'K000507637', 'Cornel Marulak Tumanggor', 77, 5),
(2467, 'K000299780', 'Seftino Ferry Sinaga', 78, 5),
(2468, 'K000299835', 'Jakson C Siahaan', 78, 5),
(2469, 'K000299872', 'Sahan Siregar', 78, 5),
(2470, 'K000299931', 'Yunis D hut Ahayan', 78, 5),
(2471, 'K000299943', 'Jonnes Sinaga', 78, 5),
(2472, 'K000300433', 'Leonardi Purba', 78, 5),
(2473, 'K000300492', 'Firman Sijabat', 78, 5),
(2474, 'K000300512', 'Keleng Valentina Br Perangin-angin', 78, 5),
(2475, 'K000300894', 'Lisma ', 78, 5),
(2476, 'K000300960', 'Nurdiana Situngkir', 78, 5),
(2477, 'K000301769', 'Saidin Pinem', 78, 5),
(2478, 'K000302379', 'Yaiazanolo Hulu', 78, 5),
(2479, 'K000302430', 'Netty Munthe', 78, 5),
(2480, 'K000302465', 'Rasma Br Sagala', 78, 5),
(2481, 'K000302477', 'Sudirman Tinambun', 78, 5),
(2482, 'K000302517', 'Sulaiman Kaban, S.Pd', 78, 5),
(2483, 'K000302636', 'Rony Manonggam Sibarani', 78, 5),
(2484, 'K000303692', 'Herbert Raja Hol Purba', 78, 5),
(2485, 'K000303734', 'Donalson Simbolon', 78, 5),
(2486, 'K000303782', 'Yuda Sembiring', 78, 5),
(2487, 'K000303832', 'Antonius Ginting', 78, 5),
(2488, 'K000328648', 'Hasudungan Situmorang', 78, 5),
(2489, 'K000328669', 'Kostan Sinaga', 78, 5),
(2490, 'K000328673', 'Palerianus Sinulingga', 78, 5),
(2491, 'K000328731', 'Sihar Siregar', 78, 5),
(2492, 'K000328770', 'Rafael Situmorang', 78, 5),
(2493, 'K000330068', 'Videlius Sabar Barita Siagian', 78, 5),
(2494, 'K000330385', 'Resman Hugo Siburian', 78, 5),
(2495, 'K000330394', 'Ferdinandus Syawang', 78, 5),
(2496, 'K000336337', 'Nora Sagala', 78, 5),
(2497, 'K000336340', 'Raiken Pakpahan', 78, 5),
(2498, 'K000336343', 'Flora Marbun', 78, 5),
(2499, 'K000339309', 'Tri Arga Agustinus S', 78, 5),
(2500, 'K000339310', 'Sri Gia Sitepu', 78, 5),
(2501, 'K000340096', 'Salanta Perangin-angin', 78, 5),
(2502, 'K000307773', 'Welfrid Frans Surya Purba', 79, 5),
(2503, 'K000307834', 'Rudolf Sitanggang', 79, 5),
(2504, 'K000307885', 'Prihandono Pasaribu', 79, 5),
(2505, 'K000307990', 'Johanes Diodemus M. Sitepu', 79, 5),
(2506, 'K000308104', 'Jurisna Siregar', 79, 5),
(2507, 'K000308173', 'Hermansyah Manullang', 79, 5),
(2508, 'K000308199', 'Licinius Mansur Surbakti', 79, 5),
(2509, 'K000308243', 'Jepry Karto Suranta Sihombing', 79, 5),
(2510, 'K000308684', 'Hengki Juniedi Ginting, ST', 79, 5),
(2511, 'K000308736', 'Romika Sembiring', 79, 5),
(2512, 'K000308779', 'Freddy Liong', 79, 5),
(2513, 'K000308809', 'Natanael Ariesta Bangun', 79, 5),
(2514, 'K000308851', 'Usner Sianipar', 79, 5),
(2515, 'K000308885', 'Barita Judika Saragih', 79, 5),
(2516, 'K000308928', 'Sary Julius Manurung', 79, 5),
(2517, 'K000308956', 'Josten Malau', 79, 5),
(2518, 'K000309004', 'Suriaty Br. Tarigan', 79, 5),
(2519, 'K000309012', 'Lasman Leo Malau', 79, 5),
(2520, 'K000309039', 'Drs. Mandir Sagala', 79, 5),
(2521, 'K000309058', 'Antonius Nahsah Stevanus Sitepu', 79, 5),
(2522, 'K000309092', 'Drs. Juliestar', 79, 5),
(2523, 'K000309422', 'Maria Yevina Sitepu', 79, 5),
(2524, 'K000309460', 'Manturis Sinabariba', 79, 5),
(2525, 'K000309503', 'Saud Sinambela, BA', 79, 5),
(2526, 'K000309536', 'Dicky Siregar', 79, 5),
(2527, 'K000309575', 'Nelson Romeo', 79, 5),
(2528, 'K000309642', 'Poltak Teodorus Parhusip', 79, 5),
(2529, 'K000309676', 'Rudianto Situngkir', 79, 5),
(2530, 'K000309713', 'Samuel Lumban Gaol', 79, 5),
(2531, 'K000309746', 'Fardy Davidson Sitepu', 79, 5),
(2532, 'K000309784', 'Hendrik Mangapul Sinaga', 79, 5),
(2533, 'K000328559', 'Antonius Jalan Tarigan', 79, 5),
(2534, 'K000328562', 'Agustinus Lumban Gaol', 79, 5),
(2535, 'K000328563', 'Indra Layokta Ginting', 79, 5),
(2536, 'K000328633', 'Okky Rasinta Kaban', 79, 5),
(2537, 'K000328636', 'Joan Berlin Damanik', 79, 5),
(2538, 'K000336311', 'Ikong Tarigan SP', 79, 5),
(2539, 'K000340007', 'Fauji Martinus Malau', 79, 5),
(2540, 'K000274925', 'Porman Purba', 80, 5),
(2541, 'K000274985', 'Tani Sinulingga', 80, 5),
(2542, 'K000275023', 'Mahapda Damianus Siringo-ringo', 80, 5),
(2543, 'K000275066', 'Warman Jaya Siboro', 80, 5),
(2544, 'K000275100', 'Luhut Sinaloan Siahaan', 80, 5),
(2545, 'K000275143', 'Juniar Lastri Br Hutabarat', 80, 5),
(2546, 'K000275166', 'Jonny Siboro', 80, 5),
(2547, 'K000278545', 'Boustond Bernad Parhusip', 80, 5),
(2548, 'K000279005', 'Tahan Situmorang', 80, 5),
(2549, 'K000280526', 'Daniel Sembiring', 80, 5),
(2550, 'K000280556', 'Putra S. Pinem', 80, 5),
(2551, 'K000280606', 'Jendaras J. Sembiring', 80, 5),
(2552, 'K000280835', 'Valentinus V. G. Aritonang', 80, 5),
(2553, 'K000280859', 'Alan Adi Raena F. Tarigan', 80, 5),
(2554, 'K000280885', 'Melpin Ginting', 80, 5),
(2555, 'K000280913', 'Dedy Candra Sihombing', 80, 5),
(2556, 'K000280945', 'Ponda Surbakti', 80, 5),
(2557, 'K000305252', 'Kasman Samosir', 80, 5),
(2558, 'K000309059', 'Ir. Togap Wilfried Lodewijk Pakpahan', 80, 5),
(2559, 'K000309134', 'Jhon Simon Sitepu', 80, 5),
(2560, 'K000309521', 'Silvaster Ratu Honny Koban', 80, 5),
(2561, 'K000309667', 'Abdif Adil Gulo', 80, 5),
(2562, 'K000310195', 'Pulungan Sembiring', 80, 5),
(2563, 'K000310237', 'Irama Ismail Pinem', 80, 5),
(2564, 'K000310259', 'Lena br Tarigan', 80, 5),
(2565, 'K000310359', 'Rinto Sihaloho', 80, 5),
(2566, 'K000310387', 'Darwan Surbakti', 80, 5),
(2567, 'K000336621', 'Juanro Sihaloho', 80, 5),
(2568, 'K000336802', 'Inta K, S.Kep.Ners', 80, 5),
(2569, 'K000336895', 'Efin Arihta Tarigan, SH', 80, 5),
(2570, 'K000336897', 'Pintor Simanjuntak', 80, 5),
(2571, 'K000354282', 'Palit Br Ginting', 80, 5),
(2572, 'K000354293', 'Bunga Itar Br Saragih', 80, 5),
(2573, 'K000354302', 'Lamria Br Simanjuntak', 80, 5),
(2574, 'K000375145', 'Martinus Ginting', 80, 5),
(2575, 'K000429512', 'Daniel Bonifasius Hutagalung', 80, 5),
(2576, 'K000307573', 'Demar Sinaga', 81, 5),
(2577, 'K000307585', 'Sakimin Purba', 81, 5),
(2578, 'K000307594', 'Gelora Bukit', 81, 5),
(2579, 'K000307755', 'Anna Br Sembiring', 81, 5),
(2580, 'K000307765', 'Pita Br Pinem', 81, 5),
(2581, 'K000307787', 'Heronimus Jolong', 81, 5),
(2582, 'K000307842', 'Caesar Himpoe Jaya', 81, 5),
(2583, 'K000307875', 'Elisabeth Malisa', 81, 5),
(2584, 'K000307965', 'Rasten Sihotang', 81, 5),
(2585, 'K000308076', 'Elisabetnur Br Surbakti', 81, 5),
(2586, 'K000308099', 'Faulina F Barus', 81, 5),
(2587, 'K000308177', 'Faisal Ginting', 81, 5),
(2588, 'K000308197', 'Andreas Lakaseru', 81, 5),
(2589, 'K000308219', 'Robin Daniel Tarigan', 81, 5),
(2590, 'K000308734', 'Sinto Naibaho', 81, 5),
(2591, 'K000308786', 'Antonius Managam Simamora', 81, 5),
(2592, 'K000308831', 'Aman Tarigan', 81, 5),
(2593, 'K000308963', 'Adi Hariantoni Limbong', 81, 5),
(2594, 'K000309013', 'Jawalu Situmorang', 81, 5),
(2595, 'K000309053', 'Naik Ginting', 81, 5),
(2596, 'K000309436', 'Mangatur Lumban Tobing', 81, 5),
(2597, 'K000310135', 'Viktor Sinabutar', 81, 5),
(2598, 'K000310900', 'A. Lambinsar SM. Banjarnahor', 81, 5),
(2599, 'K000311081', 'Kadimin', 81, 5),
(2600, 'K000311104', 'Martis Tarigan', 81, 5),
(2601, 'K000311173', 'Alexius Situmorang', 81, 5),
(2602, 'K000311298', 'Aturansah Sembiring', 81, 5),
(2603, 'K000311335', 'Budiman Simamora', 81, 5),
(2604, 'K000311384', 'Jonli Silalahi', 81, 5),
(2605, 'K000314204', 'Comarus Damanik Parny', 81, 5),
(2606, 'K000314329', 'Iman Pribadi Purba', 81, 5),
(2607, 'K000325823', 'Bahagia Kaban', 81, 5),
(2608, 'K000325863', 'Imanuel Menangna Sinurat ', 81, 5),
(2609, 'K000341219', 'Bona Fransiskus Banjarnahor', 81, 5),
(2610, 'K000341356', 'Jabonar Sihaloho', 81, 5),
(2611, 'K000352717', 'Dermawan Tarigan', 81, 5),
(2612, 'K000352958', 'Cincon Sihite', 81, 5),
(2613, 'K000357012', 'Robert Hutagalung', 81, 5),
(2614, 'K000483710', 'Tony Frengky Sinaga', 81, 5),
(2615, 'K000485225', 'Ari Afrianto Padang', 81, 5),
(2616, 'K000271342', 'Rostinawati Br Ginting', 82, 5),
(2617, 'K000271351', 'Dengsi Ardina Sianturi', 82, 5),
(2618, 'K000271365', 'Ir. Johannes Pinem', 82, 5),
(2619, 'K000271425', 'Ramlan Robertus Limbong', 82, 5),
(2620, 'K000271447', 'Bernhard Tuah Munthe', 82, 5),
(2621, 'K000271475', 'Budiman Ginting', 82, 5),
(2622, 'K000271511', 'Res Regius Sinukaban', 82, 5),
(2623, 'K000271536', 'Parulian Sinambela', 82, 5),
(2624, 'K000271579', 'Serihati Perangin-angin', 82, 5),
(2625, 'K000271590', 'Hotdytua Petrus Malau', 82, 5),
(2626, 'K000271642', 'Pantas Hasoloan Simanjuntak', 82, 5),
(2627, 'K000271707', 'Polonius Sihombing', 82, 5),
(2628, 'K000272097', 'Alonsius M. P Sinaga', 82, 5),
(2629, 'K000272139', 'Frederikus Jabiel Naibaho', 82, 5),
(2630, 'K000272194', 'Juli Ignasius Tarigan', 82, 5),
(2631, 'K000272313', 'Surantau Naibaho', 82, 5),
(2632, 'K000272350', 'Tua Herianto Pasaribu', 82, 5),
(2633, 'K000272369', 'Mansur Karyanto Tambun', 82, 5),
(2634, 'K000321003', 'Polman Simarmata', 82, 5),
(2635, 'K000330471', 'Bahara Parhusip', 82, 5),
(2636, 'K000330477', 'Susina Sbastiana Gulo', 82, 5),
(2637, 'K000330480', 'Naksir Sembiring', 82, 5),
(2638, 'K000330482', 'Iyan Sariariondolar Naibaho', 82, 5),
(2639, 'K000330485', 'Panaehan Manalu', 82, 5),
(2640, 'K000336663', 'Jhon Fery', 82, 5),
(2641, 'K000336676', 'Agnes Tarigan', 82, 5),
(2642, 'K000336694', 'Juano Sitorus', 82, 5),
(2643, 'K000340408', 'Sudirman Sembiring', 82, 5),
(2644, 'K000414837', 'Winnerson Marulitua Sinaga', 82, 5),
(2645, 'K000309996', 'Martin Ginting, S.Pd', 83, 5),
(2646, 'K000310051', 'Silvester Surya Ginting, SE', 83, 5),
(2647, 'K000310100', 'Dr. Maramis Sitinjak, SE, M.MIS', 83, 5),
(2648, 'K000310209', 'Xaverius Hendra Ginting', 83, 5),
(2649, 'K000310241', 'Nikodemusta Ginting', 83, 5),
(2650, 'K000310309', 'Hariani Br Sembiring', 83, 5),
(2651, 'K000310362', 'Dani Usta Ginting', 83, 5),
(2652, 'K000328838', 'Bram Tanata', 83, 5),
(2653, 'K000329564', 'Perhatian Aritonang', 83, 5),
(2654, 'K000329624', 'Klara Sagala', 83, 5),
(2655, 'K000329699', 'Goretri Sihotang', 83, 5),
(2656, 'K000329764', 'Alpon Pinem', 83, 5),
(2657, 'K000329847', 'Jurubahasa Sinuraya', 83, 5),
(2658, 'K000329851', 'Resmawan Gultom', 83, 5),
(2659, 'K000329855', 'Antonius Hotland Silalahi', 83, 5),
(2660, 'K000330028', 'Benediktus Simbolon', 83, 5),
(2661, 'K000330034', 'Bernat Selva Naden', 83, 5),
(2662, 'K000330036', 'Kadner Situmorang', 83, 5),
(2663, 'K000330058', 'Jusuf Pelawi', 83, 5),
(2664, 'K000330064', 'Bandar Adrianus Ginting', 83, 5),
(2665, 'K000330230', 'Sentosa Tarigan', 83, 5),
(2666, 'K000330244', 'Tarianus Sihotang', 83, 5),
(2667, 'K000330247', 'Sahdin Simanjuntak', 83, 5),
(2668, 'K000330254', 'Martinus Halawa', 83, 5),
(2669, 'K000330258', 'Might Salaut Aruan S.Kom', 83, 5),
(2670, 'K000397133', 'Agustinus Sitohang', 83, 5),
(2671, 'K000397147', 'Canria Pestauli Parhusip', 83, 5),
(2672, 'K000397150', 'Lades Sahat Punguantua Sihotang', 83, 5),
(2673, 'K000518092', 'Vinsensius Tampubolon', 83, 5),
(2674, 'K000518264', 'Aldino Pasaribu', 83, 5),
(2675, 'K000328225', 'Ronald Nababan', 84, 5),
(2676, 'K000328228', 'Wilmar Simangunsong, Spd', 84, 5),
(2677, 'K000328230', 'Estauli Tamba', 84, 5),
(2678, 'K000328264', 'Marlon Brando Tarigan', 84, 5),
(2679, 'K000328275', 'Rinto Perdamenta Naibaho', 84, 5),
(2680, 'K000328284', 'Mangasa Hutabarat', 84, 5),
(2681, 'K000328337', 'Elyas Sibarani', 84, 5),
(2682, 'K000328341', 'Rison Karo-Karo', 84, 5),
(2683, 'K000328355', 'Romana Nababan', 84, 5),
(2684, 'K000328357', 'Jekson Pasaribu', 84, 5),
(2685, 'K000328362', 'Bastian Bangun', 84, 5),
(2686, 'K000328364', 'Damelius Sihaloho', 84, 5),
(2687, 'K000328424', 'Edy Rayanta Pinem', 84, 5),
(2688, 'K000328428', 'Yoseph Abdullah', 84, 5),
(2689, 'K000328435', 'Juak Sitepu', 84, 5),
(2690, 'K000328441', 'Suka Br Ginting', 84, 5),
(2691, 'K000328519', 'Sentosa Ginting', 84, 5),
(2692, 'K000328528', 'Asman Situmorang', 84, 5),
(2693, 'K000330514', 'Arpen Siagian', 84, 5),
(2694, 'K000330515', 'Francllyn Samdadi Salom Tambunan', 84, 5),
(2695, 'K000340557', 'Josefina Rosmaria br Sidabutar', 84, 5),
(2696, 'K000340560', 'Antoni Sagala', 84, 5),
(2697, 'K000342004', 'Lintong Samosir', 84, 5),
(2698, 'K000342006', 'Bonaventura Ginting', 84, 5),
(2699, 'K000342010', 'Bersatu Ginting', 84, 5),
(2700, 'K000353388', 'Ali Bugner Sijabat', 84, 5),
(2701, 'K000353414', 'David Michael Pasaribu', 84, 5),
(2702, 'K000353434', 'Wanden Pasaribu', 84, 5),
(2703, 'K000353445', 'Budiman', 84, 5),
(2704, 'K000353455', 'Jontara Turnip', 84, 5),
(2705, 'K000359824', 'Irwanta Sembiring', 84, 5),
(2706, 'K000328048', 'Artinus Rumapea', 85, 5),
(2707, 'K000328058', 'Stevanus Donny Rumapea', 85, 5),
(2708, 'K000328073', 'Darwin Ulitua Manullang', 85, 5),
(2709, 'K000328076', 'Jhon Eddy Sembiring', 85, 5),
(2710, 'K000328106', 'Esther Revita Dumora', 85, 5),
(2711, 'K000328121', 'Benget Nainggolan', 85, 5),
(2712, 'K000328124', 'Yantua Kristanto Simatupang', 85, 5),
(2713, 'K000328125', 'Arni Tarigan', 85, 5),
(2714, 'K000328131', 'Kepler Silaban', 85, 5),
(2715, 'K000328137', 'Hottua Simanjuntak', 85, 5),
(2716, 'K000328201', 'Elias Brata E P Sinurat', 85, 5),
(2717, 'K000328221', 'Sukaria Br Tarigan', 85, 5),
(2718, 'K000328223', 'Perdamean Tarigan', 85, 5),
(2719, 'K000328227', 'Marlinda Ginting', 85, 5),
(2720, 'K000328352', 'Hot Pangapul Sitohang', 85, 5),
(2721, 'K000328361', 'Rommel Sinaga', 85, 5),
(2722, 'K000336287', 'Dunan Simbolon', 85, 5),
(2723, 'K000336303', 'Meinalda Br Sinulingga', 85, 5),
(2724, 'K000336307', 'Morina Marina Ginting', 85, 5),
(2725, 'K000336314', 'Suriati Emma Maria Br Sipayung', 85, 5),
(2726, 'K000336320', 'Janter Sidabutar', 85, 5),
(2727, 'K000341573', 'Roy Herbet Panjaitan', 85, 5),
(2728, 'K000276972', 'L. Effendy Tjenderadjaja', 86, 6),
(2729, 'K000276985', 'Veny Erlita', 86, 6),
(2730, 'K000276992', 'Laurentius', 86, 6),
(2731, 'K000277044', 'Herman Alexander Sinaga', 86, 6),
(2732, 'K000277071', 'Prasetiyadi', 86, 6),
(2733, 'K000277095', 'Roma Surbakti', 86, 6),
(2734, 'K000277128', 'Z Heru Wismadiyanton', 86, 6),
(2735, 'K000277560', 'Thomas Masnur Sihombing', 86, 6),
(2736, 'K000277590', 'Iwanta Sitepu', 86, 6),
(2737, 'K000277619', 'Edward Fransisco Bangun', 86, 6),
(2738, 'K000277674', 'Jimmy Iwan Ramli', 86, 6),
(2739, 'K000277691', 'K Malem Sembiring', 86, 6),
(2740, 'K000277842', 'Guntur Yaspi Simangunsong', 86, 6),
(2741, 'K000277872', 'Antonius F Purba', 86, 6),
(2742, 'K000277911', 'Robert Dumichen', 86, 6),
(2743, 'K000278014', 'Cantun Gultom', 86, 6),
(2744, 'K000278035', 'Kristanto', 86, 6),
(2745, 'K000278537', 'Maria Magdalena', 86, 6),
(2746, 'K000278544', 'Hendry Thomas Sinaga', 86, 6),
(2747, 'K000278571', 'Lucia Maggie', 86, 6),
(2748, 'K000278592', 'Patar Pangaribuan', 86, 6),
(2749, 'K000278658', 'Yan Henrry K', 86, 6),
(2750, 'K000278677', 'Franciscusm Xaverius Mudjiatma', 86, 6),
(2751, 'K000278690', 'Luna Maria Anthonette', 86, 6),
(2752, 'K000278724', 'Dasar Amator Ginting', 86, 6),
(2753, 'K000278791', 'Ngaturken Barus', 86, 6),
(2754, 'K000286302', 'M Magdalena', 86, 6),
(2755, 'K000286313', 'Manopang Saragih', 86, 6),
(2756, 'K000293672', 'Theresia Alamsyah', 86, 6),
(2757, 'K000335371', 'Jefri Haryanto Sihombing', 86, 6),
(2758, 'K000335382', 'Piter Imanuel', 86, 6),
(2759, 'K000367071', 'Erita Purba', 86, 6),
(2760, 'K000410524', 'Johannes Alberto Raja Gukguk', 86, 6),
(2761, 'K000251430', 'Antonius Sri Mulyono', 87, 6),
(2762, 'K000251451', 'Jhon Tony Frncky Siahaan', 87, 6),
(2763, 'K000251482', 'Samuel Panjaitan', 87, 6),
(2764, 'K000251695', 'Aditya Ginting', 87, 6),
(2765, 'K000251710', 'Jaya Sembiring', 87, 6),
(2766, 'K000251738', 'Ricky Ganda Parulian Pangabean', 87, 6),
(2767, 'K000251767', 'Yusuf Masuli', 87, 6),
(2768, 'K000251775', 'Ukur Kami Surbakti', 87, 6),
(2769, 'K000251884', 'Gerardus Gemuruh Tarigan', 87, 6),
(2770, 'K000251900', 'Deston Tarigan', 87, 6),
(2771, 'K000251930', 'Saoloan Lingga', 87, 6),
(2772, 'K000251943', 'Antonius Simarmata', 87, 6),
(2773, 'K000252440', 'Johny', 87, 6),
(2774, 'K000252459', 'Hotasi Manalu', 87, 6),
(2775, 'K000252684', 'Hendra Simbolon', 87, 6),
(2776, 'K000252699', 'Parningotan Sibarani', 87, 6),
(2777, 'K000252712', 'Rudi Martin Sitanggang', 87, 6),
(2778, 'K000252727', 'Irwan Sejahtera Perangin-angin', 87, 6),
(2779, 'K000252741', 'Robert Mangara Sinaga', 87, 6),
(2780, 'K000281075', 'Johannes Sohirimon Lumban Batu', 87, 6),
(2781, 'K000340348', 'Maria Goretty Siahaan', 87, 6),
(2782, 'K000341423', 'Evi Mona Silalahi', 87, 6),
(2783, 'K000375203', 'Nurlely Gultom', 87, 6),
(2784, 'K000393461', 'Doorma Togap Naibaho', 87, 6),
(2785, 'K000403200', 'Lidya Sally Sinaga', 87, 6),
(2786, 'K000485188', 'Roy Candra Sitepu', 88, 6),
(2787, 'K000485254', 'Ferdinand Sembiring', 88, 6),
(2788, 'K000485292', 'Suginangsa Ginting', 88, 6),
(2789, 'K000318554', 'Benry Simbolon', 89, 6),
(2790, 'K000319683', 'Selvida Patriana Sinaga', 89, 6),
(2791, 'K000319712', 'Bernandus Agus Dwi', 89, 6),
(2792, 'K000319850', 'Maikel Kurniawan', 89, 6),
(2793, 'K000319868', 'Maju Kaban', 89, 6),
(2794, 'K000320093', 'Ignasius Sihombing', 89, 6),
(2795, 'K000320161', 'Ivan Setyastiawan', 89, 6),
(2796, 'K000320648', 'Timbul LM Situmorang', 89, 6),
(2797, 'K000320679', 'Mahad Boy Perangin-angin', 89, 6),
(2798, 'K000320713', 'Hapoltahan Naibaho', 89, 6),
(2799, 'K000320844', 'Amirudi Stevanus Gulo', 89, 6),
(2800, 'K000321183', 'Alan Parulian Tampuolon', 89, 6),
(2801, 'K000321233', 'Darwin Gultom', 89, 6),
(2802, 'K000333316', 'Robert Parlindungan Simalango', 89, 6),
(2803, 'K000333329', 'Mangiring Sinambela', 89, 6),
(2804, 'K000337136', 'Markus Manat Sinaga', 89, 6),
(2805, 'K000337144', 'Dedi Wardison Damianus S', 89, 6),
(2806, 'K000337159', 'Robert B. Sitanggang', 89, 6),
(2807, 'K000337161', 'Onesius Sarumaha', 89, 6),
(2808, 'K000337163', 'Frisma Anggara Sitanggang', 89, 6),
(2809, 'K000337231', 'Leo Nardos panjaitan', 89, 6),
(2810, 'K000337665', 'Maimun Ginting DRS', 89, 6),
(2811, 'K000337672', 'Donna Sinaga', 89, 6),
(2812, 'K000337676', 'Sahata Oloan Sihombing', 89, 6),
(2813, 'K000337730', 'Dharma Indra F. Sinaga', 89, 6),
(2814, 'K000350783', 'I. Saurdot Sinaga', 89, 6),
(2815, 'K000356897', 'Hendra Septian Pasaribu', 89, 6),
(2816, 'K000382926', 'Fransiskus Xaverius Gultom', 89, 6),
(2817, 'K000391097', 'Indawati', 89, 6),
(2818, 'K000402331', 'Apostel Pranan Sembiring', 89, 6),
(2819, 'K000268224', 'Wirolija Ginting', 90, 6),
(2820, 'K000292129', 'Adrianti Tarigan', 90, 6),
(2821, 'K000292148', 'Rasman Pinem', 90, 6),
(2822, 'K000292182', 'Rasmina Saragih', 90, 6),
(2823, 'K000292238', 'Anju Johanes Sihotang', 90, 6),
(2824, 'K000292269', 'Agita Prima Leonardo Girsang', 90, 6),
(2825, 'K000292365', 'Delmina br. Pasaribu', 90, 6),
(2826, 'K000292400', 'Daud Asmaranta Girsang', 90, 6),
(2827, 'K000292429', 'Darwin Pandiangan', 90, 6),
(2828, 'K000292472', 'Juni Dedi Limbong', 90, 6),
(2829, 'K000292526', 'Kardus Sitinjak', 90, 6),
(2830, 'K000292881', 'Lukkas Sipayung', 90, 6),
(2831, 'K000292902', 'Martin Leonardo Ginting', 90, 6),
(2832, 'K000292956', 'Mukdin Sagala', 90, 6),
(2833, 'K000293002', 'Martogi Pangihutan Sinaga, AMD', 90, 6),
(2834, 'K000293068', 'Novenry Yosep Sembiring', 90, 6),
(2835, 'K000293094', 'Riada Lase', 90, 6),
(2836, 'K000293135', 'Sangapta Sitepu MM. ENG', 90, 6),
(2837, 'K000293577', 'Yekiel Lase', 90, 6),
(2838, 'K000293596', 'Yoakin Anggiat Sihombing', 90, 6),
(2839, 'K000335068', 'Yakobus Ndona', 90, 6),
(2840, 'K000342060', 'Meetson Sitepu', 90, 6),
(2841, 'K000356998', 'Jenny Melani Jaen', 90, 6),
(2842, 'K000357003', 'Ponidi', 90, 6),
(2843, 'K000425141', 'Padang Liasta Ginting', 90, 6),
(2844, 'K000519834', 'Marlon Henrikus Simanjorang', 90, 6),
(2845, 'K000519998', 'Gilbar Siregar', 90, 6),
(2846, 'K000114570', 'Charles Panjaitan', 91, 6),
(2847, 'K000257469', 'Ranto Mangatur Sinaga', 91, 6),
(2848, 'K000257479', 'Roy Stepanus Ginting', 91, 6),
(2849, 'K000257499', 'Fernando Simalango', 91, 6),
(2850, 'K000257531', 'Rabungan Sinaga', 91, 6),
(2851, 'K000257835', 'Gabriel Agustinus Usmanij', 91, 6),
(2852, 'K000257866', 'Ucok Nobi Manik', 91, 6),
(2853, 'K000257881', 'Antonius Leonard Tarigan', 91, 6),
(2854, 'K000257899', 'Raymond Fransiscus Tondang', 91, 6),
(2855, 'K000257919', 'Intap Nion Tambunan', 91, 6),
(2856, 'K000257956', 'Grace Tinawati Muljono ', 91, 6),
(2857, 'K000258047', 'Parmonangan Siregar', 91, 6),
(2858, 'K000258115', 'Maju Hutasoit', 91, 6),
(2859, 'K000258130', 'Aryanto Tinambunan', 91, 6),
(2860, 'K000258144', 'Winarjo Sijabat', 91, 6),
(2861, 'K000258337', 'Diana Br. Ginting', 91, 6),
(2862, 'K000258358', 'Jotan Samosir', 91, 6),
(2863, 'K000258389', 'Joyce Gina Rumenta', 91, 6),
(2864, 'K000258400', 'Mitrowadi Tamba', 91, 6),
(2865, 'K000258415', 'Ferry Ramot Silitonga', 91, 6),
(2866, 'K000258492', 'Tomson Sihaloho', 91, 6),
(2867, 'K000258535', 'Marulam Silalahi', 91, 6),
(2868, 'K000259083', 'Sigdiwilfin Limbong', 91, 6),
(2869, 'K000261139', 'Lando Landelinus Manurung', 91, 6),
(2870, 'K000262808', 'Lamasi Sinaga', 91, 6),
(2871, 'K000262819', 'Erlis Simamora', 91, 6),
(2872, 'K000263507', 'Lasme Br. Hotang', 91, 6),
(2873, 'K000263543', 'Hartama Damanik', 91, 6),
(2874, 'K000263572', 'Oberlin Odo Sitohang', 91, 6),
(2875, 'K000264708', 'Toba Nauli Sebastianus Rumapea', 91, 6),
(2876, 'K000336684', 'Ricky Nelson Sitanggang', 91, 6),
(2877, 'K000340283', 'Ivan Sembiring', 91, 6),
(2878, 'K000341768', 'Lindung Leonardus Ginting Suka', 91, 6),
(2879, 'K000399540', 'Henglis M', 91, 6),
(2880, 'K000435924', 'Yonas Santosa', 91, 6),
(2881, 'K000485889', 'Lusiana', 91, 6),
(2882, 'K000504614', 'Sudirman Parningotan Sinaga', 91, 6),
(2883, 'K000516741', 'Franciskus Butar-butar', 91, 6);

-- --------------------------------------------------------

--
-- Table structure for table `user`
--

CREATE TABLE `user` (
  `id_user` int(11) NOT NULL,
  `username` varchar(30) NOT NULL,
  `password` varchar(50) NOT NULL,
  `hak_akses` varchar(10) NOT NULL
) ENGINE=InnoDB DEFAULT CHARSET=utf8mb4;

--
-- Dumping data for table `user`
--

INSERT INTO `user` (`id_user`, `username`, `password`, `hak_akses`) VALUES
(1, 'admin', '02f77eeeefa64af365d37071d6b2968a', 'admin'),
(2, 'dpp', '0637dc96378e1f37fd5605faa0f9e2d1', 'dpp'),
(3, 'pastor', 'c0d941e34a00b363f8216656d314526e', 'pastor'),
(4, 'stasi_st_fransiskus_psr_vi', 'e71a17fac71d372e652735ce82cd0270', 'stasi'),
(5, 'stasi_st_petrus', '20279646d9f7607a032a23ba49423b8a', 'stasi'),
(6, 'stasi_laurensius', '0e5c0546ed63eb75aeb293e70b571e85', 'stasi'),
(7, 'stasi_st_paulus', '4742741886a87b5f5da984164b0a5545', 'stasi'),
(8, 'stasi_st_theresia', '2b4f8286eb76dfd82af0de3be00da5b0', 'stasi'),
(9, 'stasi_st_yoseph', 'dbf20197aa0b9e2a7df2e51a1e51405d', 'stasi');

--
-- Indexes for dumped tables
--

--
-- Indexes for table `dana_mandiri`
--
ALTER TABLE `dana_mandiri`
  ADD PRIMARY KEY (`id_dana`);

--
-- Indexes for table `lingkungan`
--
ALTER TABLE `lingkungan`
  ADD PRIMARY KEY (`id_lingkungan`);

--
-- Indexes for table `pastor`
--
ALTER TABLE `pastor`
  ADD PRIMARY KEY (`id_pastor`);

--
-- Indexes for table `stasi`
--
ALTER TABLE `stasi`
  ADD PRIMARY KEY (`id_stasi`);

--
-- Indexes for table `umat`
--
ALTER TABLE `umat`
  ADD PRIMARY KEY (`id_umat`);

--
-- Indexes for table `user`
--
ALTER TABLE `user`
  ADD PRIMARY KEY (`id_user`);

--
-- AUTO_INCREMENT for dumped tables
--

--
-- AUTO_INCREMENT for table `dana_mandiri`
--
ALTER TABLE `dana_mandiri`
  MODIFY `id_dana` int(11) NOT NULL AUTO_INCREMENT;

--
-- AUTO_INCREMENT for table `lingkungan`
--
ALTER TABLE `lingkungan`
  MODIFY `id_lingkungan` int(11) NOT NULL AUTO_INCREMENT, AUTO_INCREMENT=92;

--
-- AUTO_INCREMENT for table `pastor`
--
ALTER TABLE `pastor`
  MODIFY `id_pastor` int(2) NOT NULL AUTO_INCREMENT, AUTO_INCREMENT=4;

--
-- AUTO_INCREMENT for table `stasi`
--
ALTER TABLE `stasi`
  MODIFY `id_stasi` int(11) NOT NULL AUTO_INCREMENT, AUTO_INCREMENT=7;

--
-- AUTO_INCREMENT for table `umat`
--
ALTER TABLE `umat`
  MODIFY `id_umat` int(11) NOT NULL AUTO_INCREMENT, AUTO_INCREMENT=2884;

--
-- AUTO_INCREMENT for table `user`
--
ALTER TABLE `user`
  MODIFY `id_user` int(11) NOT NULL AUTO_INCREMENT, AUTO_INCREMENT=10;
COMMIT;

/*!40101 SET CHARACTER_SET_CLIENT=@OLD_CHARACTER_SET_CLIENT */;
/*!40101 SET CHARACTER_SET_RESULTS=@OLD_CHARACTER_SET_RESULTS */;
/*!40101 SET COLLATION_CONNECTION=@OLD_COLLATION_CONNECTION */;
